Txhash,BlockTimeUnix,BlockTime,Fee(SOL),TokenAccount,ChangeType,ChangeAmount,PreBalancer,PostBalancer,TokenAddress,TokenDecimals,TokenMultiplier
1632AgKyRXjsDXcbjzimxBc4dfspAyrnnXC4JS5EVXRNFJ7eLztu3Y1yadppvKo6TGVhpyK2pdyVJauNQBT2nVF,1754150793,2025-08-02T18:06:33,1e-05,4xLmxHNVDrn81otniiGMVW6dvhi66qeKkkJ3Ph9sGf4j,dec,1490200,1490200,0,So11111111111111111111111111111111111111111,9,1.0
4JVjmMLjmAPdnFr99BTfZZQ97LndhJn7YA8rfVcv27M6XbrUy6Cbjk4t7b9vcZHwtoxRy8wXLHRi2fPxiFpJfEDY,1754147142,2025-08-02T17:05:42,9.8e-06,4xLmxHNVDrn81otniiGMVW6dvhi66qeKkkJ3Ph9sGf4j,dec,208025521107,208027011307,1490200,So11111111111111111111111111111111111111111,9,1.0
3Mz8E7mCxdJNMSEgxckjMUxvVQaxQ5XbgvhmJWCiBpELBDbtFUJwk7aH7ayroGid9G2Hxo39AX5xohriG6e2mfDe,1754147127,2025-08-02T17:05:27,1e-05,4xLmxHNVDrn81otniiGMVW6dvhi66qeKkkJ3Ph9sGf4j,inc,1479200,208025532107,208027011307,So11111111111111111111111111111111111111111,9,1.0
3GxuU7GHEHiRhkLZsKdbH4UpxwdLf66oTMoRzpo3ToPYcY93kT2kcdt4fyF2gU1GbGAKDo76bxqSSrYutXfsBm76,1754147107,2025-08-02T17:05:07,5e-06,4xLmxHNVDrn81otniiGMVW6dvhi66qeKkkJ3Ph9sGf4j,inc,2033280,208023498827,208025532107,So11111111111111111111111111111111111111111,9,1.0
3GxuU7GHEHiRhkLZsKdbH4UpxwdLf66oTMoRzpo3ToPYcY93kT2kcdt4fyF2gU1GbGAKDo76bxqSSrYutXfsBm76,1754147107,2025-08-02T17:05:07,5e-06,4xLmxHNVDrn81otniiGMVW6dvhi66qeKkkJ3Ph9sGf4j,dec,778319978707092,778319978707092,0,4Ny3BHFpF5X1a5zjXNdJKiA2bDuDwipVEyeD8fokhTDm,6,1.0
5obEBZDTyepFskLPevq7bwXhm8gh3yiCKWkJEJiMbjNAY5tRLSL7esasDXNi3uiX6MhD78MjGyCzcgLg67KadvCj,1754147100,2025-08-02T17:05:00,1e-05,4xLmxHNVDrn81otniiGMVW6dvhi66qeKkkJ3Ph9sGf4j,inc,4067560,208019431267,208023498827,So11111111111111111111111111111111111111111,9,1.0
5ZdBPxhi4uJM7LsDhFf7H9KPHvMGcR5uDvRUoRPi5zdgWmjEpq9HbCph2eV2AzUBMu4WpEsK45mg4Qd3VuzBGZgS,1754147100,2025-08-02T17:05:00,1e-05,4xLmxHNVDrn81otniiGMVW6dvhi66qeKkkJ3Ph9sGf4j,inc,4067559,208015363707,208019431267,So11111111111111111111111111111111111111111,9,1.0
3Hg7qz5UXujKmBgB7g7JPQA7hVNsE3w2MV3L6ajhsF2MXmrJn3aXnmGb8zTuRPksm4EhqjMskRoQW8u4P4punx9K,1754147099,2025-08-02T17:04:59,1e-05,4xLmxHNVDrn81otniiGMVW6dvhi66qeKkkJ3Ph9sGf4j,inc,4067560,208011296147,208015363707,So11111111111111111111111111111111111111111,9,1.0
fXGiXnCs4C1iQ8BQ1nevZrvRcQrLsd7fGyTCFuRNBWj5D4epSaT2VQ9qMsPzwHczEGgS7o6KP4umABzRTKgYxrr,1754147099,2025-08-02T17:04:59,1e-05,4xLmxHNVDrn81otniiGMVW6dvhi66qeKkkJ3Ph9sGf4j,inc,2028279,208009267867,208011296147,So11111111111111111111111111111111111111111,9,1.0
FpDyAcL7LYP47d1nvzTXbA1jFGnj13zXsJr1b2Y1x9V3ivWsj7xcehuMv1MSonG2qdaL67idy1KunAmvSBa9nZd,1754147098,2025-08-02T17:04:58,1e-05,4xLmxHNVDrn81otniiGMVW6dvhi66qeKkkJ3Ph9sGf4j,inc,2028280,208007239587,208009267867,So11111111111111111111111111111111111111111,9,1.0
52cxuKEFnSDvWhJqe6xVqwBQzVHVrD7js3GwqtVY6zXT2XEng6AYBDxyo7MYF95GmFMT7TYw9pLKPmoNfujw2dn4,1754147098,2025-08-02T17:04:58,1e-05,4xLmxHNVDrn81otniiGMVW6dvhi66qeKkkJ3Ph9sGf4j,inc,2028279,208005211307,208007239587,So11111111111111111111111111111111111111111,9,1.0
4dSFozvjus8fYV5vhcsBdFHTeA5LvWPsfRkZaoccpbLpCxobeyU9qj2fmXjgdBcz9QLYwZ7jSfteJSvbiph5M5uM,1754147098,2025-08-02T17:04:58,1e-05,4xLmxHNVDrn81otniiGMVW6dvhi66qeKkkJ3Ph9sGf4j,inc,4067560,208001143747,208005211307,So11111111111111111111111111111111111111111,9,1.0
3B62o7kMWS7UkxbFX3iGT8rb31kj63FWvxGL7LziHNV6Zrw3qmK8iFXoDKwZZaQmJLPKEoF7NtYZvvxFXYikrb7t,1754147098,2025-08-02T17:04:58,1e-05,4xLmxHNVDrn81otniiGMVW6dvhi66qeKkkJ3Ph9sGf4j,inc,6106839,207995036907,208001143747,So11111111111111111111111111111111111111111,9,1.0
3XTPirEBufC45LdGxsTtyEaiSEzj3PL3pUSUw6ex35MfZ8yMWrumc3M15xZRbBvcBFN9F5UiYvPwb3FKjyuwfVZE,1754147097,2025-08-02T17:04:57,1e-05,4xLmxHNVDrn81otniiGMVW6dvhi66qeKkkJ3Ph9sGf4j,inc,6106840,207988930067,207995036907,So11111111111111111111111111111111111111111,9,1.0
5rXyA8tHxxLUdGx2ktCfCCvRbez9vvSLzTfZukp3VVoJnAGHPACxXELkE4zjRTyB6vngz2XyVJKY3nebAMH7bx5t,1754147097,2025-08-02T17:04:57,1e-05,4xLmxHNVDrn81otniiGMVW6dvhi66qeKkkJ3Ph9sGf4j,inc,4067560,207984862507,207988930067,So11111111111111111111111111111111111111111,9,1.0
jdyMkjfW8AmM9k8fzxtjRhn1NA9gQzowr9Rvj4ei6nV18LKPxVrzX9AkoNbCUmdDp1GgrazbFgKL2RSW3fBMM43,1754147097,2025-08-02T17:04:57,1e-05,4xLmxHNVDrn81otniiGMVW6dvhi66qeKkkJ3Ph9sGf4j,inc,2028279,207982834227,207984862507,So11111111111111111111111111111111111111111,9,1.0
3sdjkWmj1VkB4359s5HnL3skm7VRkjJrYFwgaoHxgy25qzD43UtomAYCNX68UULbPMC6ZV5xG7gJob6wCqECUzLm,1754147096,2025-08-02T17:04:56,1e-05,4xLmxHNVDrn81otniiGMVW6dvhi66qeKkkJ3Ph9sGf4j,inc,6106840,207976727387,207982834227,So11111111111111111111111111111111111111111,9,1.0
3mWRDeDy5NDgXfmR7guwjCTncheGXkQy9Gw1bc3q6CjCeGR8oJz72QudV7vD4RYa4W5658futU2GkVvrvv8ANj61,1754147095,2025-08-02T17:04:55,1e-05,4xLmxHNVDrn81otniiGMVW6dvhi66qeKkkJ3Ph9sGf4j,inc,2028280,207974699107,207976727387,So11111111111111111111111111111111111111111,9,1.0
2BFL7Kk4tPc3pSrn6ihd27VdAUEjqAxBmS1xbNdkoSzoo5dP6mv2ucZbM98BhWGRFgV3T4VU8cQo4yWzSAobVDL5,1754147095,2025-08-02T17:04:55,1e-05,4xLmxHNVDrn81otniiGMVW6dvhi66qeKkkJ3Ph9sGf4j,inc,2028279,207972670827,207974699107,So11111111111111111111111111111111111111111,9,1.0
2hx8dz95BsmpWYb28kN54dcSyefRLu4jbLEUqfsgZDb4h3dkBX9TTtoBnhKBpCnt1EtF3Z37aU7AxB3kur4JrVFE,1754147095,2025-08-02T17:04:55,1e-05,4xLmxHNVDrn81otniiGMVW6dvhi66qeKkkJ3Ph9sGf4j,inc,2028279,207970642547,207972670827,So11111111111111111111111111111111111111111,9,1.0
3uLQMZSTWvjiRysJyyqXzyYkWfaZBkFRe1FpJr5JFPqLwk3TwKeYViQjxsPaVxQSgs8UKu9ZNXKXbQH7BCYSsrtR,1754147094,2025-08-02T17:04:54,1e-05,4xLmxHNVDrn81otniiGMVW6dvhi66qeKkkJ3Ph9sGf4j,inc,2028280,207968614267,207970642547,So11111111111111111111111111111111111111111,9,1.0
2zRMZ5jmSwmdwTZu7MY5c5Asqdh1cvKs6y2uKAkfmFeMgHyCsmgXbyZS1jVxoSsTci5DQtaug9HRe5XyrqoEZUYj,1754147093,2025-08-02T17:04:53,1e-05,4xLmxHNVDrn81otniiGMVW6dvhi66qeKkkJ3Ph9sGf4j,inc,4067559,207964546707,207968614267,So11111111111111111111111111111111111111111,9,1.0
59hmenmjt7GFQEb6E1dSnL3FXxudTpfn8ADbaS9dozuMhvJ99kzvFt5jMSVCtcxptDXPrjj7StkYa2yWXqSFvhGu,1754147093,2025-08-02T17:04:53,1e-05,4xLmxHNVDrn81otniiGMVW6dvhi66qeKkkJ3Ph9sGf4j,inc,4067560,207960479147,207964546707,So11111111111111111111111111111111111111111,9,1.0
25gkJomaJWdzxZyoLN36YErWY1ZYdEijTaw4bACtQWkzEcj7SeAkuZ7HCsjRLjmjMvHcfAFN8Y6LKegBjg8hU7nh,1754147093,2025-08-02T17:04:53,1e-05,4xLmxHNVDrn81otniiGMVW6dvhi66qeKkkJ3Ph9sGf4j,inc,6106840,207954372307,207960479147,So11111111111111111111111111111111111111111,9,1.0
BNQUvkLJnB1GksWdHqmhNx6BL6wav2HjReq17oJrswKVf1ccuB6uFa5bvYx63ocnhY2TDWVpDWkjsyWhFma1ZBp,1754147092,2025-08-02T17:04:52,1e-05,4xLmxHNVDrn81otniiGMVW6dvhi66qeKkkJ3Ph9sGf4j,inc,6106840,207948265467,207954372307,So11111111111111111111111111111111111111111,9,1.0
5u3egxKYHtXwvHyK9ysszpA7c3RdGEEhXwXEDmfEomoTKKukAU2y5zaYAvTxwNNAxdERmPVyWVSc5W22d2XTqVgd,1754147092,2025-08-02T17:04:52,1e-05,4xLmxHNVDrn81otniiGMVW6dvhi66qeKkkJ3Ph9sGf4j,inc,4067560,207944197907,207948265467,So11111111111111111111111111111111111111111,9,1.0
xJQXLAgD9D4KaCnu62ePqNFYM7GzNwtfPBBJFXsFz5rBG4yRNWahQKr5KssXfNbJBMD8D5iiWgGozoZ8YmPHS9T,1754147092,2025-08-02T17:04:52,1e-05,4xLmxHNVDrn81otniiGMVW6dvhi66qeKkkJ3Ph9sGf4j,inc,2028279,207942169627,207944197907,So11111111111111111111111111111111111111111,9,1.0
49bYT4aXU81Xrypb9SKJpco2sjZ2XJMxhxDeHR9M2Ks3YLbKjXaci58vsA8PxGyGVyMF6GGKEQH1un7HLw8NmmnS,1754147091,2025-08-02T17:04:51,1e-05,4xLmxHNVDrn81otniiGMVW6dvhi66qeKkkJ3Ph9sGf4j,inc,4067560,207938102067,207942169627,So11111111111111111111111111111111111111111,9,1.0
meiA6auw9HZkH4Qov9Uoa2qBwnFmy63rBBDE2X52FdGPAy4VXsCSyxQYobk5SXtED6UwjKmaX81N2tMVvKHB3S1,1754147091,2025-08-02T17:04:51,1e-05,4xLmxHNVDrn81otniiGMVW6dvhi66qeKkkJ3Ph9sGf4j,inc,2028279,207936073787,207938102067,So11111111111111111111111111111111111111111,9,1.0
2LM8gJntPYt6AFAAoSkadBJ5eyNmZmkzQsKKWYmZzkbMBQwLHBcp3u7XJDQEJeTZKcvjzoN8bm2N5SXfPjCXY85G,1754147091,2025-08-02T17:04:51,1e-05,4xLmxHNVDrn81otniiGMVW6dvhi66qeKkkJ3Ph9sGf4j,inc,2028279,207934045507,207936073787,So11111111111111111111111111111111111111111,9,1.0
3ygY1MfQA8a6UcsV4BGN1p25ordvXozUfRFLuGJT4jrLUUTfThPoBGxfAw8i3ByNYUMka8YZoNFvRcAhVE2s9fLb,1754147090,2025-08-02T17:04:50,1e-05,4xLmxHNVDrn81otniiGMVW6dvhi66qeKkkJ3Ph9sGf4j,inc,2028280,207932017227,207934045507,So11111111111111111111111111111111111111111,9,1.0
2xjbCSkpexELioTKapCWYUnZUh7giuC9gLgW7APWQbDwEkWVa8cx4nfqwM6fEM1EiuE5BfFXS9jv4jPhERi4PUxC,1754147090,2025-08-02T17:04:50,1e-05,4xLmxHNVDrn81otniiGMVW6dvhi66qeKkkJ3Ph9sGf4j,inc,2028279,207929988947,207932017227,So11111111111111111111111111111111111111111,9,1.0
2K1LikJ1qNzNU6GC1x8HqEHM8bxtPvmf55XrPLvJA77KntghRJuk8zWLSkUmUsErbRaV5bTn2hXeYtrbtH8ARMzW,1754147090,2025-08-02T17:04:50,1e-05,4xLmxHNVDrn81otniiGMVW6dvhi66qeKkkJ3Ph9sGf4j,inc,2028279,207927960667,207929988947,So11111111111111111111111111111111111111111,9,1.0
FNKTqRS4E72MUGFCUSxzNdYMf5Xg8p7qBzjL9ZMrgfLdbMeBYUyfGguZyKha6DYWHLNWN7z1Lm9LATirJZ5wdM5,1754147089,2025-08-02T17:04:49,1e-05,4xLmxHNVDrn81otniiGMVW6dvhi66qeKkkJ3Ph9sGf4j,inc,2028280,207925932387,207927960667,So11111111111111111111111111111111111111111,9,1.0
V8r3RPtUBbNvJ1t1DkFsMgzR5Kp4X22bEduFZEZhz9hz7EoyBGho22W9diqnQm18NyDuHFXmSqePqfradZ6iEgd,1754147089,2025-08-02T17:04:49,1e-05,4xLmxHNVDrn81otniiGMVW6dvhi66qeKkkJ3Ph9sGf4j,inc,2028279,207923904107,207925932387,So11111111111111111111111111111111111111111,9,1.0
3WRksqrNYAfQvMGFviePmSXb269ZWibztp1iuY3q2GufBLNvEYRGhsYADWXouwWxdDfSCRrxREEi3FRx3qKVXbjK,1754147088,2025-08-02T17:04:48,1e-05,4xLmxHNVDrn81otniiGMVW6dvhi66qeKkkJ3Ph9sGf4j,inc,6106840,207917797267,207923904107,So11111111111111111111111111111111111111111,9,1.0
5wzejNgLo1trH5TRF1XWR569THcNMNzHARqXYsnnHk8KJyJKqiAaCEUCAbqMGPL45NxPY2sd7NR6kR3uF3YWThH3,1754147088,2025-08-02T17:04:48,1e-05,4xLmxHNVDrn81otniiGMVW6dvhi66qeKkkJ3Ph9sGf4j,inc,2028279,207915768987,207917797267,So11111111111111111111111111111111111111111,9,1.0
NJZnQbY1UhJpWNJnHpQxtDgUccK4zNHL8QgPqBVq2ZSUGSoKJVqAaXeKaAfAtYbYJikczaUbmazCrCoQDV3ncgY,1754147088,2025-08-02T17:04:48,1e-05,4xLmxHNVDrn81otniiGMVW6dvhi66qeKkkJ3Ph9sGf4j,inc,2028280,207913740707,207915768987,So11111111111111111111111111111111111111111,9,1.0
zzowan25jeV6R8y1uSdBSMx96qbh7N5fjh6Q6xQd5uqq7K7ini2P5QgJVH7fnfm2moErhiy6LcCu8S5vFudUtT4,1754147087,2025-08-02T17:04:47,1e-05,4xLmxHNVDrn81otniiGMVW6dvhi66qeKkkJ3Ph9sGf4j,inc,4067559,207909673147,207913740707,So11111111111111111111111111111111111111111,9,1.0
2kcP4DNto1ZeFxxQBn2RZoNhvx8S7zJLoE6GUtidNnt5NzRSUiYbCDzBfc19dfD6zEith7KCBbrQSinTsiYoyckd,1754147087,2025-08-02T17:04:47,1e-05,4xLmxHNVDrn81otniiGMVW6dvhi66qeKkkJ3Ph9sGf4j,inc,4067560,207905605587,207909673147,So11111111111111111111111111111111111111111,9,1.0
4GZzdbUqjwVZpLG32z6zMNZH5gGZ7GXJkK9hsp2JaqHe4UYwDU949HDtbMxNFiH6vgwTgar4rdj36cUVN7Bj92bP,1754147085,2025-08-02T17:04:45,1e-05,4xLmxHNVDrn81otniiGMVW6dvhi66qeKkkJ3Ph9sGf4j,inc,4067560,207901538027,207905605587,So11111111111111111111111111111111111111111,9,1.0
XeHBJL8e8j14q7JdrKvh4pzAbcCwWVGpk6Wk5sJDfHNJfpN4J9476n3QEEJzDN9AWGR4sTmjXFsbpg48qwerhms,1754147085,2025-08-02T17:04:45,1e-05,4xLmxHNVDrn81otniiGMVW6dvhi66qeKkkJ3Ph9sGf4j,inc,2028279,207899509747,207901538027,So11111111111111111111111111111111111111111,9,1.0
4VEnkRrWKNMGDNhgLp7CsuxBZ2TVmXKcSKidQp2Y7fhftgPbZCKkzrGzpnDrmu8E1J5kkB5BnFz4Md4jDrbALpZV,1754147085,2025-08-02T17:04:45,1e-05,4xLmxHNVDrn81otniiGMVW6dvhi66qeKkkJ3Ph9sGf4j,inc,2028279,207897481467,207899509747,So11111111111111111111111111111111111111111,9,1.0
5vTcRxS1nNAe8HnEVtQB9MhXSnJ4umgw6rcXEqbB9rMj91C52dJkMrDtNLDD5ev2J1v3d6y6rHye3Vb9b6SP2YFJ,1754147084,2025-08-02T17:04:44,1e-05,4xLmxHNVDrn81otniiGMVW6dvhi66qeKkkJ3Ph9sGf4j,inc,4067560,207893413907,207897481467,So11111111111111111111111111111111111111111,9,1.0
3GVYzCEtB6CA9F6z1nU3DzSPjs9BNpCohLMT7B3Mpxjo9kUnbzDUw1Av9VDqMfhsw1LYVuZkjG81yxQbKcG223iT,1754147083,2025-08-02T17:04:43,1e-05,4xLmxHNVDrn81otniiGMVW6dvhi66qeKkkJ3Ph9sGf4j,inc,6106840,207887307067,207893413907,So11111111111111111111111111111111111111111,9,1.0
3Mfr8b7bepqLSYfbAs7thzJMB79UZSjf5CnZWU3RNz4SdSPbWdDtM9KmQrn3bpJE5BYRU5GfF2WkK44UgrCrTZN5,1754147083,2025-08-02T17:04:43,1e-05,4xLmxHNVDrn81otniiGMVW6dvhi66qeKkkJ3Ph9sGf4j,inc,4067559,207883239507,207887307067,So11111111111111111111111111111111111111111,9,1.0
4cyG9Hjkpv8FFrZMWumaExeqwjmaS6eESGLUov61SEPBm7v9GmFeB3taj4g2FFb7JgwiRRhDxaxjXK6WALARHxwj,1754147082,2025-08-02T17:04:42,1e-05,4xLmxHNVDrn81otniiGMVW6dvhi66qeKkkJ3Ph9sGf4j,inc,2028280,207881211227,207883239507,So11111111111111111111111111111111111111111,9,1.0
3EFjuJb5GaMvjayHv1HNV9tuj1ZBQkxyFCdmT5VaGyymZQ7xRqbT1KtU5fQ3X8JgLmZHzQwyoMwwrmpYux3NZZ1w,1754147082,2025-08-02T17:04:42,1e-05,4xLmxHNVDrn81otniiGMVW6dvhi66qeKkkJ3Ph9sGf4j,inc,6106840,207875104387,207881211227,So11111111111111111111111111111111111111111,9,1.0
22wqShmp52Athe5sKis9oJWYUJs1ozZ34GnfC26t2fiuo3aBNiZFbTxoiByXuW2xnKySB76QgRuNquiB5qp2qYHV,1754147082,2025-08-02T17:04:42,1e-05,4xLmxHNVDrn81otniiGMVW6dvhi66qeKkkJ3Ph9sGf4j,inc,4067559,207871036827,207875104387,So11111111111111111111111111111111111111111,9,1.0
4V2u8M6Sfe91jSbTtCh3tLfQqUQrHToHrsQgWYYoScZvBxQyi9J79xpG1fUWikJLyUBy2TFddkqr5vmF1HhvDphf,1754147081,2025-08-02T17:04:41,1e-05,4xLmxHNVDrn81otniiGMVW6dvhi66qeKkkJ3Ph9sGf4j,inc,2028280,207869008547,207871036827,So11111111111111111111111111111111111111111,9,1.0
3fCSRZwrtnzs6agRdfPNhsywyRUy4HQUncFZpm55LE9hrPn3zFRBVRAcGnuFjoZBP9mNjCTtU7PcKsf8pZCcgpWo,1754147081,2025-08-02T17:04:41,1e-05,4xLmxHNVDrn81otniiGMVW6dvhi66qeKkkJ3Ph9sGf4j,inc,4067559,207864940987,207869008547,So11111111111111111111111111111111111111111,9,1.0
5R7ohnPQYgggRRxJQrWL1BfyJZCxXNBtnq3qdo7pajzvB9vPntbSZkCR5oKAZb4sE3Y241bGLvCVXwsnVRXdDHJ8,1754147081,2025-08-02T17:04:41,1e-05,4xLmxHNVDrn81otniiGMVW6dvhi66qeKkkJ3Ph9sGf4j,inc,2028280,207862912707,207864940987,So11111111111111111111111111111111111111111,9,1.0
kyHUjJeYkuv5q899CykrDoNif2W8rbEMHARgefJpMksrugrZWesKT3FS74Xw7vAX1bH3Sm7Fjw8sWkqLvFK4N5H,1754147080,2025-08-02T17:04:40,1e-05,4xLmxHNVDrn81otniiGMVW6dvhi66qeKkkJ3Ph9sGf4j,inc,4067559,207858845147,207862912707,So11111111111111111111111111111111111111111,9,1.0
4S5hgrXyNq5YULvvhfeJjkzFXpWmJWjKtCD2QVkYSK5dmj4xhAcsSi4yoHLK9kM7oL1Q1LPxLgCATTaUhJheYFxo,1754147080,2025-08-02T17:04:40,1e-05,4xLmxHNVDrn81otniiGMVW6dvhi66qeKkkJ3Ph9sGf4j,inc,2028280,207856816867,207858845147,So11111111111111111111111111111111111111111,9,1.0
2kJsbmkKfXEHD6LayXediihoEhcBH92niW1sqVXtpaSjitBW2vjk1sbNwfjcBkTUBPgFqYgbvaib1gUWHiV2vrcd,1754147080,2025-08-02T17:04:40,1e-05,4xLmxHNVDrn81otniiGMVW6dvhi66qeKkkJ3Ph9sGf4j,inc,4067559,207852749307,207856816867,So11111111111111111111111111111111111111111,9,1.0
eExNToXq9g3QZWBnRSrWekKyZpTHC6egAigM7RD8BmMfs3aZ7C2xwNS8imTfJEQAd72TAUzy88ah1SS52m3dRrD,1754147080,2025-08-02T17:04:40,1e-05,4xLmxHNVDrn81otniiGMVW6dvhi66qeKkkJ3Ph9sGf4j,inc,2028280,207850721027,207852749307,So11111111111111111111111111111111111111111,9,1.0
577texsjqwfUDXs4qvGkoCc9LSRMHRhR2iko4un1fVQsMNAVyQUFEerUJiwYnHJxATqPm6Sx7DC9rzNk8XWfoxew,1754147079,2025-08-02T17:04:39,1e-05,4xLmxHNVDrn81otniiGMVW6dvhi66qeKkkJ3Ph9sGf4j,inc,4067559,207846653467,207850721027,So11111111111111111111111111111111111111111,9,1.0
53iUTB5uZxcFHvw9eMRkufcx9M7Gvbsp4mET8drzYHVqfqnoNBPjeKXaZu4VvGKRVAw8v7Nyy4Tz9N31GXmX7Aww,1754147078,2025-08-02T17:04:38,1e-05,4xLmxHNVDrn81otniiGMVW6dvhi66qeKkkJ3Ph9sGf4j,inc,4067560,207842585907,207846653467,So11111111111111111111111111111111111111111,9,1.0
5mterJRt8v93D6bcYRY2R5Ytgfb27KcuAK7CkiCaXPkAUx9Jxf8Eo3C7SHvJfLBMNwgnD7iMSGHbyxPDoxay4eLg,1754147077,2025-08-02T17:04:37,1e-05,4xLmxHNVDrn81otniiGMVW6dvhi66qeKkkJ3Ph9sGf4j,inc,2028279,207840557627,207842585907,So11111111111111111111111111111111111111111,9,1.0
2YzaHG34guKsGYERKuJ4dzzu8nLtcpx9SsFAqooi99hujbvwHkNaC8rx9Xa1WLtSvWWvY3UdvqjP1hyNiSZKx2Bd,1754147077,2025-08-02T17:04:37,1e-05,4xLmxHNVDrn81otniiGMVW6dvhi66qeKkkJ3Ph9sGf4j,inc,2028280,207838529347,207840557627,So11111111111111111111111111111111111111111,9,1.0
4abxNQwtzB5q4Q5c6sWB9VtonhqW7XV9va6um41QxoomKZVrc5Bpp821PzM1BhGPbNyDWoBfgUeHACa4L8rZf1UZ,1754147077,2025-08-02T17:04:37,1e-05,4xLmxHNVDrn81otniiGMVW6dvhi66qeKkkJ3Ph9sGf4j,inc,2028279,207836501067,207838529347,So11111111111111111111111111111111111111111,9,1.0
45pqyxbonj1HiFLNzK1g8iCU1ZfawprjCSSJhW1gGsQKjg1Bbf7s7tdyx67X7LxrVJp8WWgUG7SZxCDt3H4eYCLY,1754147055,2025-08-02T17:04:15,3.7e-05,4xLmxHNVDrn81otniiGMVW6dvhi66qeKkkJ3Ph9sGf4j,inc,2451866096,205384634971,207836501067,So11111111111111111111111111111111111111111,9,1.0
Ptof1n2AfyJp5iKLRxBiNWMMonBJGm5QXhQNo1sCbiUbADmgRASsS6oi5tyZ7AaQ4jhaZuz4Em7Gqj8xAyjshhk,1754147054,2025-08-02T17:04:14,6.66e-05,4xLmxHNVDrn81otniiGMVW6dvhi66qeKkkJ3Ph9sGf4j,inc,5990021632,199394613338,205384634971,So11111111111111111111111111111111111111111,9,1.0
3vDuwahLS9sxiy1hL4XS8QzY8pLURVSHvVxhDQvyui8A8oX4uqtssotV6iTCT5VKkojB3XoWpLTUtdB7exoaTx1q,1754147053,2025-08-02T17:04:13,6.66e-05,4xLmxHNVDrn81otniiGMVW6dvhi66qeKkkJ3Ph9sGf4j,inc,5916290631,193478322707,199394613338,So11111111111111111111111111111111111111111,9,1.0
DKHeUKFsdkKCUpy3nGXK63UgjxW1ZgAP5FhCp88nHEDSCtut8T9rzY1tDdqCzh85AR8q7yGub964gQ9Er57Ct7o,1754147053,2025-08-02T17:04:13,6.66e-05,4xLmxHNVDrn81otniiGMVW6dvhi66qeKkkJ3Ph9sGf4j,inc,7021371255,186456951451,193478322707,So11111111111111111111111111111111111111111,9,1.0
2itsStFzQwBD6HB2XHaUV6V1MedT7JtcC6xDoJCxkyUAKre9Eniq3z2JjqiWzfWw4JWe8vocvD2QmcWPD2aH1qZi,1754147051,2025-08-02T17:04:11,6.66e-05,4xLmxHNVDrn81otniiGMVW6dvhi66qeKkkJ3Ph9sGf4j,inc,5772507543,180684443908,186456951451,So11111111111111111111111111111111111111111,9,1.0
4x2EqAyNV6LTG9iaay2Rtsyj7ESUwvkXdfUeZx1YCxmKYgDa7a39yRqNWmCYbY734vhUVJK5U7sgShFjY3gSaws1,1754147048,2025-08-02T17:04:08,6.66e-05,4xLmxHNVDrn81otniiGMVW6dvhi66qeKkkJ3Ph9sGf4j,inc,4978106162,175706337745,180684443908,So11111111111111111111111111111111111111111,9,1.0
3vXiH3qub9Sf2pMKXQfrz6tyXjqojeNFv4RNoLxhNFHz3ikY4SMnNxToGkKzUrJ2cqwLum9PZA8NYbcQ7fquYGdh,1754147048,2025-08-02T17:04:08,6.66e-05,4xLmxHNVDrn81otniiGMVW6dvhi66qeKkkJ3Ph9sGf4j,inc,4101805500,171604532245,175706337745,So11111111111111111111111111111111111111111,9,1.0
5ALJ2AFuDjV3WkTKh78ow7vF8L3fC1AwXRCVifrLDqYhrGuYzxHp32y8KjZKL2Z4EGNRyFQ9jr4CkT5piKLKjN7p,1754147045,2025-08-02T17:04:05,6.66e-05,4xLmxHNVDrn81otniiGMVW6dvhi66qeKkkJ3Ph9sGf4j,inc,4734408231,166870124014,171604532245,So11111111111111111111111111111111111111111,9,1.0
5NBUs2fQ6yEhU6jPbCcD4ufxNb873uWuk5TSiynDE6CEyg3xPKDaKcudKfd2osqZMVJEKD6KK3TwywvSCvVC6hjd,1754147042,2025-08-02T17:04:02,6.66e-05,4xLmxHNVDrn81otniiGMVW6dvhi66qeKkkJ3Ph9sGf4j,inc,6610308900,160259815114,166870124014,So11111111111111111111111111111111111111111,9,1.0
4VPGVXrx5igASNY7pKmHtnAXVeVBzNuWBzCVYgB5NTvWzwYvda9oBKmDFPdSpnG8LCqZWcogepDLz7FSrE8NMiMi,1754147041,2025-08-02T17:04:01,6.66e-05,4xLmxHNVDrn81otniiGMVW6dvhi66qeKkkJ3Ph9sGf4j,inc,7078193801,153181621312,160259815114,So11111111111111111111111111111111111111111,9,1.0
5ugHT79UYCabNXwGt4wEbAKCwxdhXuKrzQCbD9UTvUv5W5ZnVtTHjDsGjCj26qhzGgvsgVpb4vKeN6NzgM24yfRw,1754147039,2025-08-02T17:03:59,6.66e-05,4xLmxHNVDrn81otniiGMVW6dvhi66qeKkkJ3Ph9sGf4j,inc,6766741590,146414879721,153181621312,So11111111111111111111111111111111111111111,9,1.0
38EbG9XRPHnH3gGMzYE7CnLyAKNmhdoWVfGEPLkK4fkpzUodTWZXFTn3BFqFRwK4r2A9NkCGDdChKuec2e7AxqH8,1754147037,2025-08-02T17:03:57,6.66e-05,4xLmxHNVDrn81otniiGMVW6dvhi66qeKkkJ3Ph9sGf4j,inc,6644014652,139770865069,146414879721,So11111111111111111111111111111111111111111,9,1.0
5G9dykAko2MqRPK7Li3aLHSNWiA5MkaBGb527sQvgBXfXSMM2GwzLh88JKymX3oPTyQ9Uv3qwNFgfJCLzB5msUYX,1754147036,2025-08-02T17:03:56,6.66e-05,4xLmxHNVDrn81otniiGMVW6dvhi66qeKkkJ3Ph9sGf4j,inc,7001145731,132769719337,139770865069,So11111111111111111111111111111111111111111,9,1.0
2WYxFUXsq3MBeoSssbUW1Fr9cHLt33KXqJFCskBShwqWNRpo7miHUKsANETNzxWroSS1EWx6Ciz477Yct1QTZXwL,1754147023,2025-08-02T17:03:43,0.0004874,4xLmxHNVDrn81otniiGMVW6dvhi66qeKkkJ3Ph9sGf4j,inc,109632521207,23137198130,132769719337,So11111111111111111111111111111111111111111,9,1.0
2WYxFUXsq3MBeoSssbUW1Fr9cHLt33KXqJFCskBShwqWNRpo7miHUKsANETNzxWroSS1EWx6Ciz477Yct1QTZXwL,1754147023,2025-08-02T17:03:43,0.0004874,4xLmxHNVDrn81otniiGMVW6dvhi66qeKkkJ3Ph9sGf4j,inc,778319978707092,0,778319978707092,4Ny3BHFpF5X1a5zjXNdJKiA2bDuDwipVEyeD8fokhTDm,6,1.0
2WYxFUXsq3MBeoSssbUW1Fr9cHLt33KXqJFCskBShwqWNRpo7miHUKsANETNzxWroSS1EWx6Ciz477Yct1QTZXwL,1754147023,2025-08-02T17:03:43,0.0004874,4xLmxHNVDrn81otniiGMVW6dvhi66qeKkkJ3Ph9sGf4j,dec,9219544457,9219544457,0,FyErEEhtiSHi7HshXMvXicToXon5fFqxdukR5Td1n5HC,6,1.0
61vByaoLtfH8X4p81KHtFfKixnW4jhLq4WECNE7wkovVFSUYzV2tkX9q21PVso4zVrvyMh8RSXeSgukrp5vTT4FR,1754146600,2025-08-02T16:56:40,0.0009698,4xLmxHNVDrn81otniiGMVW6dvhi66qeKkkJ3Ph9sGf4j,dec,85011166200,108148264330,23137098130,So11111111111111111111111111111111111111111,9,1.0
61vByaoLtfH8X4p81KHtFfKixnW4jhLq4WECNE7wkovVFSUYzV2tkX9q21PVso4zVrvyMh8RSXeSgukrp5vTT4FR,1754146600,2025-08-02T16:56:40,0.0009698,4xLmxHNVDrn81otniiGMVW6dvhi66qeKkkJ3Ph9sGf4j,dec,1000000000000000,1000000000000000,0,4Ny3BHFpF5X1a5zjXNdJKiA2bDuDwipVEyeD8fokhTDm,6,1.0
61vByaoLtfH8X4p81KHtFfKixnW4jhLq4WECNE7wkovVFSUYzV2tkX9q21PVso4zVrvyMh8RSXeSgukrp5vTT4FR,1754146600,2025-08-02T16:56:40,0.0009698,4xLmxHNVDrn81otniiGMVW6dvhi66qeKkkJ3Ph9sGf4j,inc,9219544457,0,9219544457,FyErEEhtiSHi7HshXMvXicToXon5fFqxdukR5Td1n5HC,6,1.0
3RK39CpjpQFwrvTKpkVvLxYLhVMuonqptDyXsPPhha4deEN9rUYfKmSh4TCLTq2E1urRJKxeVbUvZ3yktqqc5dHG,1754146580,2025-08-02T16:56:20,3.14e-05,4xLmxHNVDrn81otniiGMVW6dvhi66qeKkkJ3Ph9sGf4j,dec,10000031399,118148295730,108148264330,So11111111111111111111111111111111111111111,9,1.0
5guM4q5c1gsGpGj8znwiK2n83ZUfNohQ5iAgJkaKnuYV9QyA7UZvw8FqiNsRP7oiL7v5ifMZFN9hvcGTmGC3uQuV,1754146579,2025-08-02T16:56:19,3.14e-05,4xLmxHNVDrn81otniiGMVW6dvhi66qeKkkJ3Ph9sGf4j,dec,10000031400,128148327130,118148295730,So11111111111111111111111111111111111111111,9,1.0
5H2RmAgfksqdvzbfYggthgCaSB46j3QeMzCGRCmpGXiJTKXKCQt9UfoWcStZhiVtf6hXhQz2EED6quQNA1ssgQfw,1754146577,2025-08-02T16:56:17,3.14e-05,4xLmxHNVDrn81otniiGMVW6dvhi66qeKkkJ3Ph9sGf4j,dec,10000031399,138148358530,128148327130,So11111111111111111111111111111111111111111,9,1.0
ELKKSiHLpuK2ZcVFtunU6QL56qKYekujhP6CvJ16AzPy2Q6fVDg2Ybu9wFxqoicBSJCxHxijJ1U77g9DMZ4EBdy,1754146576,2025-08-02T16:56:16,3.14e-05,4xLmxHNVDrn81otniiGMVW6dvhi66qeKkkJ3Ph9sGf4j,dec,10000031400,148148389930,138148358530,So11111111111111111111111111111111111111111,9,1.0
9rri54aPp2SdrXuVN3B7TqJgwLBfPPaisPX6BuGuYX2iAJj9UwaY5SwJ6HLu1Rg4ttB3pt1RafdikCLbJ1UarmM,1754146574,2025-08-02T16:56:14,3.14e-05,4xLmxHNVDrn81otniiGMVW6dvhi66qeKkkJ3Ph9sGf4j,dec,10000031399,158148421330,148148389930,So11111111111111111111111111111111111111111,9,1.0
CnQKxmx2xZj1Nys46ycQvWg812gTYs3Az2seYNj2vzdaGNkKDAHWvpAZdf5HrPB2MeMztMPRwKZGwgsDkyRLqPL,1754146569,2025-08-02T16:56:09,3.14e-05,4xLmxHNVDrn81otniiGMVW6dvhi66qeKkkJ3Ph9sGf4j,dec,10000031400,168148452730,158148421330,So11111111111111111111111111111111111111111,9,1.0
3P1TC8kB7X9qVGBL7jAuVj4VtJVrq6MqwNMF2beFJdgiigLhHqVVzvAJC7rMxcWESgNN2PDcsic7iWueSLsGptEi,1754146565,2025-08-02T16:56:05,3.14e-05,4xLmxHNVDrn81otniiGMVW6dvhi66qeKkkJ3Ph9sGf4j,dec,10000031400,178148484130,168148452730,So11111111111111111111111111111111111111111,9,1.0
gRFNjGyV71MMBYNYd8tggxPFFDr3xCNNBYjUzkYAtQv2f5Fx6rSQE94G4YuRVwpBs9VExJ96cnRS33LJ5qjECdq,1754146562,2025-08-02T16:56:02,3.14e-05,4xLmxHNVDrn81otniiGMVW6dvhi66qeKkkJ3Ph9sGf4j,dec,10000031399,188148515530,178148484130,So11111111111111111111111111111111111111111,9,1.0
yxX4B9spieagZ6Q9Xh4seEPATBDFsRBcT4kARFHkogkz6ihP6uSpim57XcWDzKLQFjpV1Gm4i7vywWk2c5wAyRp,1754146559,2025-08-02T16:55:59,3.14e-05,4xLmxHNVDrn81otniiGMVW6dvhi66qeKkkJ3Ph9sGf4j,dec,10000031400,198148546928,188148515528,So11111111111111111111111111111111111111111,9,1.0
5GHTLq4rsWyX65vjZDeRVuX6opUXoZsupwcgcWttTg6yTxrEDmBrHdhZfzRb161iPJa88MjCVhyuKsuhShPovmR1,1754146557,2025-08-02T16:55:57,3.14e-05,4xLmxHNVDrn81otniiGMVW6dvhi66qeKkkJ3Ph9sGf4j,dec,10000031400,208148578328,198148546928,So11111111111111111111111111111111111111111,9,1.0
436ZMf1i9RKG18hw9mtjB2MgQCBnH82wznqJZmMZ2KcCtK3Bkza1hhRn9fPKxzmw331pgPrnTGiGf1SJF9jTkPwN,1754146550,2025-08-02T16:55:50,5.002e-06,4xLmxHNVDrn81otniiGMVW6dvhi66qeKkkJ3Ph9sGf4j,dec,15120601,208163704930,208148584328,So11111111111111111111111111111111111111111,9,1.0
4wDiGZZFTXudauuomayZHZa1ReUxXsS1d5qtnVN499QE9UsfsKyVKrDJb3TH3gDKCc1VTRteAncB8HDVEESbbSjp,1754146548,2025-08-02T16:55:48,5.002e-06,4xLmxHNVDrn81otniiGMVW6dvhi66qeKkkJ3Ph9sGf4j,dec,2044281,208165755212,208163710930,So11111111111111111111111111111111111111111,9,1.0
4wDiGZZFTXudauuomayZHZa1ReUxXsS1d5qtnVN499QE9UsfsKyVKrDJb3TH3gDKCc1VTRteAncB8HDVEESbbSjp,1754146548,2025-08-02T16:55:48,5.002e-06,4xLmxHNVDrn81otniiGMVW6dvhi66qeKkkJ3Ph9sGf4j,inc,1000000000000000,0,1000000000000000,4Ny3BHFpF5X1a5zjXNdJKiA2bDuDwipVEyeD8fokhTDm,6,1.0
4hxcohv9TD1mt6saPtznoNoNeLbZnhKXRgmBUcQw8Cvvfee1mrpotBCAUzAfc93zhD9tjoCzrnZjJubkQ64G6WMS,1754146547,2025-08-02T16:55:47,1.0001e-05,4xLmxHNVDrn81otniiGMVW6dvhi66qeKkkJ3Ph9sGf4j,dec,1471600,208167232813,208165761212,So11111111111111111111111111111111111111111,9,1.0
3PVFg5TjezuwrTJhax1D8jLeXZdsM4LGiVS597ghebiJQbpo16saa9Qy31Lwr5PK4bYsyJkMcrk3saB3yHxkTmCy,1754146537,2025-08-02T16:55:37,9.8e-06,4xLmxHNVDrn81otniiGMVW6dvhi66qeKkkJ3Ph9sGf4j,inc,208167232813,0,208167232813,So11111111111111111111111111111111111111111,9,1.0
