Txhash,                        BlockTimeUnix,                        BlockTime,                        Fee(SOL),                        TokenAccount,                        ChangeType,                        ChangeAmount,                        PreBalancer,                        PostBalancer,                        TokenAddress,                        TokenDecimals,                        TokenMultiplier
3mF5m4u91Dd71EHst8kUWJRgfQNLZ7FaAqo2S2qxVMqnqYQKTyrtaQCWacP67TkVQZwpbfRdZC9ZrZLP7MpKw3Sn,1755110773,2025-08-13T18:46:13,0.000026,3S3wPvBnGegy9Zj9LDMaRPn2d2pxakE9YdKPm8UM3WLP,dec,20075745,20075745,0,So11111111111111111111111111111111111111111,9,1.0
4XYCaokeJdvu4YwY2gTpRKmxwQg3xP5cn5PN8nZK7LX5By7yyPjBFN7W2HiBTE5Qnsd57j6VNkxphjP1H7C1TCqm,1755110336,2025-08-13T18:38:56,0.00005,9WJWEARVcZkZaLQRMM3J4MKkY5VwYfKbPuiTL14WndPr,dec,5904445025999,5904445025999,0,AsyLNEVAidgcbXVDP2KDyuEFUkFo38Usv933d7qMpump,6,1.0
3mBJeC7Rnf761evQhd3Pg6SVPBa3ALcLP3xGHjNMpmQXDuuYCoGVvHzU1YnUNJm5SXe2Err9dRExc78wbtFBQfm3,1755110065,2025-08-13T18:34:25,0.000015,9WJWEARVcZkZaLQRMM3J4MKkY5VwYfKbPuiTL14WndPr,inc,377881846212,5526563179787,5904445025999,AsyLNEVAidgcbXVDP2KDyuEFUkFo38Usv933d7qMpump,6,1.0
3mBJeC7Rnf761evQhd3Pg6SVPBa3ALcLP3xGHjNMpmQXDuuYCoGVvHzU1YnUNJm5SXe2Err9dRExc78wbtFBQfm3,1755110065,2025-08-13T18:34:25,0.000015,3S3wPvBnGegy9Zj9LDMaRPn2d2pxakE9YdKPm8UM3WLP,dec,110307000,130382745,20075745,So11111111111111111111111111111111111111111,9,1.0
4jb6QsHcesAnKc5nSkHWU3nBoo4c1NPraaXLEXPS7jn9Eof3qTE5SZQPX6pL4Lxkq4ysZKyt4qxSFMV3Wo1jfKgW,1755109546,2025-08-13T18:25:46,0.000055,9WJWEARVcZkZaLQRMM3J4MKkY5VwYfKbPuiTL14WndPr,inc,1426246695059,4100316484728,5526563179787,AsyLNEVAidgcbXVDP2KDyuEFUkFo38Usv933d7qMpump,6,1.0
4jb6QsHcesAnKc5nSkHWU3nBoo4c1NPraaXLEXPS7jn9Eof3qTE5SZQPX6pL4Lxkq4ysZKyt4qxSFMV3Wo1jfKgW,1755109546,2025-08-13T18:25:46,0.000055,3S3wPvBnGegy9Zj9LDMaRPn2d2pxakE9YdKPm8UM3WLP,dec,291541000,421923745,130382745,So11111111111111111111111111111111111111111,9,1.0
5kuyNReVXeEvi5CLoapLWmcro7iHqPRJXXQYfyMQgJFpQfAKpxzBzcjYC1CP5VwGQYm5U1fVBDyHJWrHbnw2iiX4,1755109053,2025-08-13T18:17:33,0.000015,9WJWEARVcZkZaLQRMM3J4MKkY5VwYfKbPuiTL14WndPr,inc,1444791564993,2655524919735,4100316484728,AsyLNEVAidgcbXVDP2KDyuEFUkFo38Usv933d7qMpump,6,1.0
5kuyNReVXeEvi5CLoapLWmcro7iHqPRJXXQYfyMQgJFpQfAKpxzBzcjYC1CP5VwGQYm5U1fVBDyHJWrHbnw2iiX4,1755109053,2025-08-13T18:17:33,0.000015,3S3wPvBnGegy9Zj9LDMaRPn2d2pxakE9YdKPm8UM3WLP,dec,211610000,633533745,421923745,So11111111111111111111111111111111111111111,9,1.0
66HFFB7vKmd1p3LZqCW1E3t9AScZM2mo1ENGwU1oaw25KXu7XGiMKtpZPvxMe3PynKhM9xMgDGhoq8qqzvZbA2aY,1755109025,2025-08-13T18:17:05,0.000015,9WJWEARVcZkZaLQRMM3J4MKkY5VwYfKbPuiTL14WndPr,inc,2655524919735,0,2655524919735,AsyLNEVAidgcbXVDP2KDyuEFUkFo38Usv933d7qMpump,6,1.0
66HFFB7vKmd1p3LZqCW1E3t9AScZM2mo1ENGwU1oaw25KXu7XGiMKtpZPvxMe3PynKhM9xMgDGhoq8qqzvZbA2aY,1755109025,2025-08-13T18:17:05,0.000015,3S3wPvBnGegy9Zj9LDMaRPn2d2pxakE9YdKPm8UM3WLP,dec,378765000,1012298745,633533745,So11111111111111111111111111111111111111111,9,1.0
5FZcg9Uxuwqkx9QLSaMyXRdgbnPay7qqw2FpsTMW6MQWPMiXsiCtNJWCESG8gMZKGmprn1ifPqJ5pszDxZqFcBfp,1755108815,2025-08-13T18:13:35,0.000015,9WJWEARVcZkZaLQRMM3J4MKkY5VwYfKbPuiTL14WndPr,dec,3427394978734,3427394978734,0,AsyLNEVAidgcbXVDP2KDyuEFUkFo38Usv933d7qMpump,6,1.0
5FZcg9Uxuwqkx9QLSaMyXRdgbnPay7qqw2FpsTMW6MQWPMiXsiCtNJWCESG8gMZKGmprn1ifPqJ5pszDxZqFcBfp,1755108815,2025-08-13T18:13:35,0.000015,3S3wPvBnGegy9Zj9LDMaRPn2d2pxakE9YdKPm8UM3WLP,inc,420283612,592015133,1012298745,So11111111111111111111111111111111111111111,9,1.0
PBKLWfn4gWHLGLGBmLp8xTv51mMYDa4NKuuq881zzrU4pRCXYWCPwtnsVWhDCB7K37BNkrmYGnZNFaCVNpuVn38,1755108769,2025-08-13T18:12:49,0.000015,9WJWEARVcZkZaLQRMM3J4MKkY5VwYfKbPuiTL14WndPr,inc,2504195090258,923199888476,3427394978734,AsyLNEVAidgcbXVDP2KDyuEFUkFo38Usv933d7qMpump,6,1.0
PBKLWfn4gWHLGLGBmLp8xTv51mMYDa4NKuuq881zzrU4pRCXYWCPwtnsVWhDCB7K37BNkrmYGnZNFaCVNpuVn38,1755108769,2025-08-13T18:12:49,0.000015,3S3wPvBnGegy9Zj9LDMaRPn2d2pxakE9YdKPm8UM3WLP,dec,286381411,878396544,592015133,So11111111111111111111111111111111111111111,9,1.0
2hkhuQrF2eQX29rTkraxo7dEK6qTZpvYuTTQQzknmNHju2doWva44LV4kvEjNzXEd8LscA386FdDCqJhUDheeogW,1755108758,2025-08-13T18:12:38,0.000015,9WJWEARVcZkZaLQRMM3J4MKkY5VwYfKbPuiTL14WndPr,inc,923199888476,0,923199888476,AsyLNEVAidgcbXVDP2KDyuEFUkFo38Usv933d7qMpump,6,1.0
2hkhuQrF2eQX29rTkraxo7dEK6qTZpvYuTTQQzknmNHju2doWva44LV4kvEjNzXEd8LscA386FdDCqJhUDheeogW,1755108758,2025-08-13T18:12:38,0.000015,3S3wPvBnGegy9Zj9LDMaRPn2d2pxakE9YdKPm8UM3WLP,dec,112226003,990622547,878396544,So11111111111111111111111111111111111111111,9,1.0
2Luh2NYvVwAuYidabDs7XghDUWSq1WCgp55d2s1W9ZJPgEoyX1tnh969VJUFT9pQK6TQq88ye7HerYrYtt9ArXLC,1755108505,2025-08-13T18:08:25,0.000005,3S3wPvBnGegy9Zj9LDMaRPn2d2pxakE9YdKPm8UM3WLP,inc,1,990622546,990622547,So11111111111111111111111111111111111111111,9,1.0
5ubfWae9bVMhsT2yQvMhTte8yeRiDUFLG4uxwsuqPr9VNMch36quRXPTpimh6SHqyNNAvrEohdaZYPnJPQPNzSX4,1755108505,2025-08-13T18:08:25,0.000005,3S3wPvBnGegy9Zj9LDMaRPn2d2pxakE9YdKPm8UM3WLP,inc,1,990622545,990622546,So11111111111111111111111111111111111111111,9,1.0
2MJiXFtysweA49TNzWAenbr5C2vwM8H9LgB9opngtHsnTZs24tu6WH4pESareBUqWQWAkR7BUkq4bqTuqsXhqAaA,1755108504,2025-08-13T18:08:24,0.000015,9WJWEARVcZkZaLQRMM3J4MKkY5VwYfKbPuiTL14WndPr,dec,4317436112811,4317436112811,0,AsyLNEVAidgcbXVDP2KDyuEFUkFo38Usv933d7qMpump,6,1.0
2MJiXFtysweA49TNzWAenbr5C2vwM8H9LgB9opngtHsnTZs24tu6WH4pESareBUqWQWAkR7BUkq4bqTuqsXhqAaA,1755108504,2025-08-13T18:08:24,0.000015,3S3wPvBnGegy9Zj9LDMaRPn2d2pxakE9YdKPm8UM3WLP,inc,413053297,577569248,990622545,So11111111111111111111111111111111111111111,9,1.0
4TrSj9ua8LUSMxrkMGvxKEdEFyZZ44emgLZF4ZtzsUfgFuCdryifG3jsFwhhKAwS21SG4b9GBBDrqbp3vTVCdm8,1755108041,2025-08-13T18:00:41,0.00002,9WJWEARVcZkZaLQRMM3J4MKkY5VwYfKbPuiTL14WndPr,inc,4317436112811,0,4317436112811,AsyLNEVAidgcbXVDP2KDyuEFUkFo38Usv933d7qMpump,6,1.0
4TrSj9ua8LUSMxrkMGvxKEdEFyZZ44emgLZF4ZtzsUfgFuCdryifG3jsFwhhKAwS21SG4b9GBBDrqbp3vTVCdm8,1755108041,2025-08-13T18:00:41,0.00002,3S3wPvBnGegy9Zj9LDMaRPn2d2pxakE9YdKPm8UM3WLP,dec,222542280,800111528,577569248,So11111111111111111111111111111111111111111,9,1.0
Ff7qyL8Go4CFE1iMBe4CktXQZ6Frddqzmv4dRjGK9XJbwjcungfYZiCh4rMDoKSQfDGRoPEtMd13ipgAWEXEKSM,1755107454,2025-08-13T17:50:54,0.000021,3S3wPvBnGegy9Zj9LDMaRPn2d2pxakE9YdKPm8UM3WLP,inc,800111528,0,800111528,So11111111111111111111111111111111111111111,9,1.0
4MfhcLg9WRaLgV9H5Qj2m65BnvpYePCjQzY5re4Q47f2zGpQN2g2mzo7f9XsLaDcGcK5yi1VyKpfKeSvRGNoUP5H,1755107211,2025-08-13T17:46:51,0.000026,3S3wPvBnGegy9Zj9LDMaRPn2d2pxakE9YdKPm8UM3WLP,dec,700025350,700025350,0,So11111111111111111111111111111111111111111,9,1.0
4BYWBNRLQef5v3C4jourutNZukUhPn7PN2wH6m4aMV1e53uVr8WiRtcWnm5KqEXpyazwmVvd43AUSMzUDaPwu8Vw,1755107041,2025-08-13T17:44:01,0.000055,3S3wPvBnGegy9Zj9LDMaRPn2d2pxakE9YdKPm8UM3WLP,dec,55000,700080350,700025350,So11111111111111111111111111111111111111111,9,1.0
2hfjQBeJSK5LEqrhDYVNJLpPANaHMHmT8MRSgjpDAcw4mfDAXaPXYK1VNfA512E1kzRW4wBPCAAJhtCnqeJKjWVG,1755106360,2025-08-13T17:32:40,0.000021,3S3wPvBnGegy9Zj9LDMaRPn2d2pxakE9YdKPm8UM3WLP,inc,700080350,0,700080350,So11111111111111111111111111111111111111111,9,1.0
5udRpqKqi5oRiTNLYmoeVJF28z82FfK3GfDEbHAoytJacPV8he3x5HgqwGsxka82g52ErpaqMpEUwx6ceWGAC7pa,1755106165,2025-08-13T17:29:25,0.000026,3S3wPvBnGegy9Zj9LDMaRPn2d2pxakE9YdKPm8UM3WLP,dec,154281785,154281785,0,So11111111111111111111111111111111111111111,9,1.0
dWgwTTQMh1otR2a1cK9whaLYdft1n2PAJ4NHM4z6kJRh3dhcgnvgKgy4ptrSuvNMEbBpW3jbFVRyjtfZHYhuqdY,1755105933,2025-08-13T17:25:33,0.00005,CgdjJxfNZahoY8bj8DuXMqjUyrVjXqrkR6GFrRrtHVdt,dec,5520101094490,5520101094490,0,6HTHJE1jbCvJNvoxytLUEgrt8dzu8JjYrmtnkAB7pump,6,1.0
3BnQ98WypNuYhymrADXdwatJ498bVQYa3ZPLjPEySFgnnzweDV9bSfDTVJtMZ9iYMXtk4qFpBDZRFaapzMoENmaE,1755104664,2025-08-13T17:04:24,0.000005,3S3wPvBnGegy9Zj9LDMaRPn2d2pxakE9YdKPm8UM3WLP,inc,1,154281784,154281785,So11111111111111111111111111111111111111111,9,1.0
54AdpRiwTEGRnacnLzNFuUJzhcT4HHpY7eNqy5kEBhABkFN9PrEgZeXaXw2fQG4mewuA4naCaAiYm9TK3Zw3owe3,1755104664,2025-08-13T17:04:24,0.000005,3S3wPvBnGegy9Zj9LDMaRPn2d2pxakE9YdKPm8UM3WLP,inc,1,154281783,154281784,So11111111111111111111111111111111111111111,9,1.0
47USvy6HZGugMR3Cjhd2vxfDWS8gTDy2kKYMoPjfK5GcSniojdDBUPw55aZpbkH8j3fzMb5c3RHuJNaXSRCCJVnv,1755104664,2025-08-13T17:04:24,0.000005,3S3wPvBnGegy9Zj9LDMaRPn2d2pxakE9YdKPm8UM3WLP,inc,1,154281782,154281783,So11111111111111111111111111111111111111111,9,1.0
ehLv11gRNrTSZoaHcfTdKsGJQNsAGY1zDuaaxpv9HeTHaXTwbS38J3yzM3RKGaQvkZ9S2HysF8KJ6wg8fgEYXfm,1755104661,2025-08-13T17:04:21,0.00005,CgdjJxfNZahoY8bj8DuXMqjUyrVjXqrkR6GFrRrtHVdt,inc,5520101094490,0,5520101094490,6HTHJE1jbCvJNvoxytLUEgrt8dzu8JjYrmtnkAB7pump,6,1.0
ehLv11gRNrTSZoaHcfTdKsGJQNsAGY1zDuaaxpv9HeTHaXTwbS38J3yzM3RKGaQvkZ9S2HysF8KJ6wg8fgEYXfm,1755104661,2025-08-13T17:04:21,0.00005,3S3wPvBnGegy9Zj9LDMaRPn2d2pxakE9YdKPm8UM3WLP,dec,345893280,500175062,154281782,So11111111111111111111111111111111111111111,9,1.0
3MiD4uzJ6epME12q5FUPBJuRrpFhTgwuZepEayY9RTH1jLVvKwG7CSh6up7LbenKaSpMXEjCDVm34ZernCBDJjrS,1755103931,2025-08-13T16:52:11,0.000021,3S3wPvBnGegy9Zj9LDMaRPn2d2pxakE9YdKPm8UM3WLP,inc,500175062,0,500175062,So11111111111111111111111111111111111111111,9,1.0
4W31daVhv65jtj9w6io8venxmmN2kVeKm5SvGpiHyG6S5pSonoPq3jncbZociaFi2iLgEQt4ULU5hMiaFX54m2DN,1755103709,2025-08-13T16:48:29,0.000026,3S3wPvBnGegy9Zj9LDMaRPn2d2pxakE9YdKPm8UM3WLP,dec,500064978,500064978,0,So11111111111111111111111111111111111111111,9,1.0
4mEtF5SyCMRWCDcKg9JB95rcTA6u3HC2xeK1XsRcSvPZXqpoVVedzAJNE13j2oAxV6e9J1vVNbkojyHPrFXcqY6Y,1755102675,2025-08-13T16:31:15,0.000021,3S3wPvBnGegy9Zj9LDMaRPn2d2pxakE9YdKPm8UM3WLP,inc,500064978,0,500064978,So11111111111111111111111111111111111111111,9,1.0
2D5apojvLR77YiFhagrWMbpcoXD47VpZJhyiaYX6PVNZ7TiDgsM5woLcRR5KRGn5Hj6RLwJLZ3v3xsDA8Vt2H1h4,1755038106,2025-08-12T22:35:06,0.000026,3S3wPvBnGegy9Zj9LDMaRPn2d2pxakE9YdKPm8UM3WLP,dec,31897682,31897682,0,So11111111111111111111111111111111111111111,9,1.0
6h4M9mhrW3jsWoQf5pPnZVaEEd7o6xDpfaiwpXd6SBenDGNVuwSCAHLR276m8EKG3QhHBRf9hAAByPXk7T1Vb8H,1755037517,2025-08-12T22:25:17,0.00005,ER3HKpzpKW8CRpU93afuSx2iMagxJGanqaqFGq1idrxG,dec,6573886998271,6573886998271,0,4MmsdFqXyNz5UX7GNRhhy3yiAaPtXoMpqtNHC2ufpump,6,1.0
42pHfH3XThZs2VUYAHwNtjzNA3ojCQE68BHsK1cgmtZqteB1ZQszHF84Eku9h8bUrdXvBpV3zm2KM7icBW6U3oAe,1755037117,2025-08-12T22:18:37,0.000006,ER3HKpzpKW8CRpU93afuSx2iMagxJGanqaqFGq1idrxG,inc,3431145232916,3142741765355,6573886998271,4MmsdFqXyNz5UX7GNRhhy3yiAaPtXoMpqtNHC2ufpump,6,1.0
42pHfH3XThZs2VUYAHwNtjzNA3ojCQE68BHsK1cgmtZqteB1ZQszHF84Eku9h8bUrdXvBpV3zm2KM7icBW6U3oAe,1755037117,2025-08-12T22:18:37,0.000006,3S3wPvBnGegy9Zj9LDMaRPn2d2pxakE9YdKPm8UM3WLP,dec,268997140,300894822,31897682,So11111111111111111111111111111111111111111,9,1.0
3S6eNFiZecxrNTqkEDkkbbEqgMfmGJC6yPUhMsoTHxxn1WNp8VddyhX4DspKv9zaxs96ttRhqJfukRzE3vkT2Mdj,1755036803,2025-08-12T22:13:23,0.000015,ER3HKpzpKW8CRpU93afuSx2iMagxJGanqaqFGq1idrxG,inc,3142741765355,0,3142741765355,4MmsdFqXyNz5UX7GNRhhy3yiAaPtXoMpqtNHC2ufpump,6,1.0
3S6eNFiZecxrNTqkEDkkbbEqgMfmGJC6yPUhMsoTHxxn1WNp8VddyhX4DspKv9zaxs96ttRhqJfukRzE3vkT2Mdj,1755036803,2025-08-12T22:13:23,0.000015,3S3wPvBnGegy9Zj9LDMaRPn2d2pxakE9YdKPm8UM3WLP,dec,216862000,517756822,300894822,So11111111111111111111111111111111111111111,9,1.0
QcCv5sCckedSQizjL8xKqcFFCP38VHqv35PTvdS1Bv8CFMbiSxwsEo3dKSC8Pb9wQ7pMWSKA9qfEMbnHrU5YVuU,1755036536,2025-08-12T22:08:56,0.000015,ER3HKpzpKW8CRpU93afuSx2iMagxJGanqaqFGq1idrxG,dec,3633192515120,3633192515120,0,4MmsdFqXyNz5UX7GNRhhy3yiAaPtXoMpqtNHC2ufpump,6,1.0
QcCv5sCckedSQizjL8xKqcFFCP38VHqv35PTvdS1Bv8CFMbiSxwsEo3dKSC8Pb9wQ7pMWSKA9qfEMbnHrU5YVuU,1755036536,2025-08-12T22:08:56,0.000015,3S3wPvBnGegy9Zj9LDMaRPn2d2pxakE9YdKPm8UM3WLP,inc,196834992,320921830,517756822,So11111111111111111111111111111111111111111,9,1.0
3FozVUrFGpukYytRZKeSt5aLhQ4oGCA1t8bwQ9Tpf7MCtLuAqaDe2bDoMUKmmTWfC8d6WBCww3tcYEM2jySKjju1,1755036388,2025-08-12T22:06:28,0.000005,3S3wPvBnGegy9Zj9LDMaRPn2d2pxakE9YdKPm8UM3WLP,inc,1,320921829,320921830,So11111111111111111111111111111111111111111,9,1.0
3JMHKyNNx2Q6CrwfEKkzXoeHkkTX1tgBacPjVGda4NuD8YivqAc67EtmTjjDDDSojuUFeDdhZiyVeNNjQcUh6tRB,1755036388,2025-08-12T22:06:28,0.000005,3S3wPvBnGegy9Zj9LDMaRPn2d2pxakE9YdKPm8UM3WLP,inc,1,320921828,320921829,So11111111111111111111111111111111111111111,9,1.0
5CMjsZxXTAAWBf496J7FTQqeyCYUqJfVmZjrJ41H4ziap7pxeraGZTPYLvXeio8WCp7BB4Hiq5wPZFQbAF7UGnNk,1755036388,2025-08-12T22:06:28,0.000005,3S3wPvBnGegy9Zj9LDMaRPn2d2pxakE9YdKPm8UM3WLP,inc,1,320921827,320921828,So11111111111111111111111111111111111111111,9,1.0
3UQParzRWrXdHBSkF2AxRaKkyfdYgeeESqKzUS14cPtYbdyaFuD2RuhqwmbzEW7hRanhwhafFy1jZG9gL9LeAujS,1755036388,2025-08-12T22:06:28,0.000005,3S3wPvBnGegy9Zj9LDMaRPn2d2pxakE9YdKPm8UM3WLP,inc,1,320921826,320921827,So11111111111111111111111111111111111111111,9,1.0
3XzgaLwjLZes9X6eUjVpUjfTy1ZHzG8Ze1PviJqMzxbpiVMM4n4DbperoGm8aWMPfQkRuKrcoUHNZ4zLaA5BEHyh,1755036387,2025-08-12T22:06:27,0.000005,3S3wPvBnGegy9Zj9LDMaRPn2d2pxakE9YdKPm8UM3WLP,inc,1,320921825,320921826,So11111111111111111111111111111111111111111,9,1.0
3u2QfapGVT5JzbM2X2A5bxsS6g6CX6ssDm4aLjhqnxDyij77nYte4NJRZxUcJYHtdDKEjwkxCHgQvBbEWDrMrufN,1755036378,2025-08-12T22:06:18,0.00002,ER3HKpzpKW8CRpU93afuSx2iMagxJGanqaqFGq1idrxG,inc,3633192515120,0,3633192515120,4MmsdFqXyNz5UX7GNRhhy3yiAaPtXoMpqtNHC2ufpump,6,1.0
3u2QfapGVT5JzbM2X2A5bxsS6g6CX6ssDm4aLjhqnxDyij77nYte4NJRZxUcJYHtdDKEjwkxCHgQvBbEWDrMrufN,1755036378,2025-08-12T22:06:18,0.00002,3S3wPvBnGegy9Zj9LDMaRPn2d2pxakE9YdKPm8UM3WLP,dec,179112283,500034108,320921825,So11111111111111111111111111111111111111111,9,1.0
mAwiQdu6SCF5kE75XMumZ2koHPzbyxDbp63U9Nv1WW5tjs3NmhYdYVAiKnR7AeqhtgFiYEWttbYL3k6zEoLiJ3Q,1755035498,2025-08-12T21:51:38,0.000021,3S3wPvBnGegy9Zj9LDMaRPn2d2pxakE9YdKPm8UM3WLP,inc,500034108,0,500034108,So11111111111111111111111111111111111111111,9,1.0
3Nyb26b5ArdSShmbTfvS88cNmriudu9qitRxX5Dwvn9iyXpxnoPXAqF8YdjUJbPhgebyXRmc8oXiMGG1GuER6Hyv,1755035243,2025-08-12T21:47:23,0.000026,3S3wPvBnGegy9Zj9LDMaRPn2d2pxakE9YdKPm8UM3WLP,dec,500113886,500113886,0,So11111111111111111111111111111111111111111,9,1.0
2sPnWCMhvQ2BA1s64vf9yWmw5zS3enXpMb8xeoMJdPcvxQcvVtruChAq2p7aoSZJKH7bg7rXuiqCfh4FsSef81ms,1755034690,2025-08-12T21:38:10,0.000021,3S3wPvBnGegy9Zj9LDMaRPn2d2pxakE9YdKPm8UM3WLP,inc,500113886,0,500113886,So11111111111111111111111111111111111111111,9,1.0
28Jq9cNbYUxN4yZ8opSdUTsgLBMthhLaoRn9cM1tFCe1NqJ6rMTWgs6xvQnhjQfnehrbT2GriiS5Lwet6Cn1KSQZ,1755034492,2025-08-12T21:34:52,0.000026,3S3wPvBnGegy9Zj9LDMaRPn2d2pxakE9YdKPm8UM3WLP,dec,500034501,500034501,0,So11111111111111111111111111111111111111111,9,1.0
52Lcjqpqtmp4TEYNpJ13QkHv2kcuWMHLoD9CEQGkG4wqLyE6tmyppY6GrrhPmsrF9r6uLxv9Eqgxx8qJbk2Dh83z,1755033808,2025-08-12T21:23:28,0.000021,3S3wPvBnGegy9Zj9LDMaRPn2d2pxakE9YdKPm8UM3WLP,inc,500034501,0,500034501,So11111111111111111111111111111111111111111,9,1.0
2L5ACfwZRJreWAEgSbTyVY68dam4Fws1ZtzH2yngLtmmLAhE8CrFuEuPi72im2K7aNrhfHwhQWaNgDNMg8Ljshg1,1755033635,2025-08-12T21:20:35,0.000026,3S3wPvBnGegy9Zj9LDMaRPn2d2pxakE9YdKPm8UM3WLP,dec,500012599,500012599,0,So11111111111111111111111111111111111111111,9,1.0
527gd8rx4cYjHD22t6HEKHG9ikizyPnTYnQhkM1DYk1gWqW7Qd2xmDWiywXznFLMKKsKskvGeCMEbfBEDZ5RDbsC,1755033008,2025-08-12T21:10:08,0.000021,3S3wPvBnGegy9Zj9LDMaRPn2d2pxakE9YdKPm8UM3WLP,inc,500012599,0,500012599,So11111111111111111111111111111111111111111,9,1.0
4Pca5xzP5uWaG1DGJh6PTYD5y64JCdmjBtNtMupsw5vPge84CWH9JjTQ9XDD6QYwZFCnm8DncVhbjCenvKVmg5cz,1755031460,2025-08-12T20:44:20,0.000026,3S3wPvBnGegy9Zj9LDMaRPn2d2pxakE9YdKPm8UM3WLP,dec,500069763,500069763,0,So11111111111111111111111111111111111111111,9,1.0
5Z2fDrhYkQQaDSDVDHEdqdcMcU7Xkes62qcoWXG3QtFw9fMwS281YTNpXi1tqt3HkWVNDnSZYjmp6PdB3ofkUicm,1755030470,2025-08-12T20:27:50,0.000021,3S3wPvBnGegy9Zj9LDMaRPn2d2pxakE9YdKPm8UM3WLP,inc,500069763,0,500069763,So11111111111111111111111111111111111111111,9,1.0
4BhjP37pzHZPLQF6tcWvGYnr4XxGi5r6X5jfjKKCS1YkKX2kghMw2VXHqTmZkXRfxHh7wWBbTG88S4wq1yJxWedH,1755030191,2025-08-12T20:23:11,0.000035,3S3wPvBnGegy9Zj9LDMaRPn2d2pxakE9YdKPm8UM3WLP,dec,500012260,500012260,0,So11111111111111111111111111111111111111111,9,1.0
61KtvF37dkXhMfwJCZFVz5zHMh5z8DRacbCRwPfHh9nHf2C9g8cgeDy5RLmPjYDaVVZQyt7HC46jGrsyGrxZ8MJc,1755029610,2025-08-12T20:13:30,0.000021,3S3wPvBnGegy9Zj9LDMaRPn2d2pxakE9YdKPm8UM3WLP,inc,500012260,0,500012260,So11111111111111111111111111111111111111111,9,1.0
5gEyBpFHmMckLYZ7MsQUBut99DkDagegZBxPm5ibqczmcVBH9CoTjC8MByPYsTYt4PkqnuVgp1aqN34UhgQBzZXM,1755028843,2025-08-12T20:00:43,0.000026,3S3wPvBnGegy9Zj9LDMaRPn2d2pxakE9YdKPm8UM3WLP,dec,500135040,500135040,0,So11111111111111111111111111111111111111111,9,1.0
2pizgCV2nv4Y2YKTK4dSDKfxQBiGrDcE2y548LwD39RDZEUN82n8HRnikzEsMP4ds859YogU64Lv1GFcLQeh45vZ,1755028008,2025-08-12T19:46:48,0.000021,3S3wPvBnGegy9Zj9LDMaRPn2d2pxakE9YdKPm8UM3WLP,inc,500135040,0,500135040,So11111111111111111111111111111111111111111,9,1.0
2vHuHPMB4wKDkYkr3fFa1zaJ4Hmb4fSgzfq5u91NU1PH2Rhb72L1wrzfzirCkFtncbGsMypDzMwQYVUY9N9U8kNx,1755027810,2025-08-12T19:43:30,0.000026,3S3wPvBnGegy9Zj9LDMaRPn2d2pxakE9YdKPm8UM3WLP,dec,500066605,500066605,0,So11111111111111111111111111111111111111111,9,1.0
39peMxinq8zSqJbAH1krDtAdB6dJfgJXRCbBCkj3398xwYftR6f5VMp5j9DARUdjbJiLuK7MPddCegoQVPwdiEFU,1755027090,2025-08-12T19:31:30,0.000021,3S3wPvBnGegy9Zj9LDMaRPn2d2pxakE9YdKPm8UM3WLP,inc,500066605,0,500066605,So11111111111111111111111111111111111111111,9,1.0
4U84tytRNWLkQpdVRU3NEV9Akf3KWf39qoYFHJidWdG8dELwxshD35dEwqiw7XbH4cLNPtYFE7XfcQHkmcDqrqLS,1754937940,2025-08-11T18:45:40,0.000026,3S3wPvBnGegy9Zj9LDMaRPn2d2pxakE9YdKPm8UM3WLP,dec,542667064,542667064,0,So11111111111111111111111111111111111111111,9,1.0
2KgBZvwAgYbjxk4F7wTnW5rpAZaEjn5rJtSfXEoY2TTy3vaLBZDp7KcvFL6FjqexyEzGTGKbMGeQ3czwLQEebk5S,1754937535,2025-08-11T18:38:55,0.000006,3es8ugYUASBvDi68MdAMQ6WkHA3A6CGXXorvftMHEoBp,dec,4876488961643,4876488961643,0,Dr4myu4d7D5LJxQ3FgSAHyQ8XLArmbAkiAHpcetapump,6,1.0
2KgBZvwAgYbjxk4F7wTnW5rpAZaEjn5rJtSfXEoY2TTy3vaLBZDp7KcvFL6FjqexyEzGTGKbMGeQ3czwLQEebk5S,1754937535,2025-08-11T18:38:55,0.000006,3S3wPvBnGegy9Zj9LDMaRPn2d2pxakE9YdKPm8UM3WLP,inc,358975673,183691391,542667064,So11111111111111111111111111111111111111111,9,1.0
2kvg8Zakf2v18uqKUKbEsBB8zNRmaZAjB3KcSP3FgkrP9qnCJYH9tR6WAXKDMVm4pXLt2xMqgCe66KpbxYmEA7Kk,1754937462,2025-08-11T18:37:42,0.000008319,3es8ugYUASBvDi68MdAMQ6WkHA3A6CGXXorvftMHEoBp,inc,4876488961643,0,4876488961643,Dr4myu4d7D5LJxQ3FgSAHyQ8XLArmbAkiAHpcetapump,6,1.0
2kvg8Zakf2v18uqKUKbEsBB8zNRmaZAjB3KcSP3FgkrP9qnCJYH9tR6WAXKDMVm4pXLt2xMqgCe66KpbxYmEA7Kk,1754937462,2025-08-11T18:37:42,0.000008319,3S3wPvBnGegy9Zj9LDMaRPn2d2pxakE9YdKPm8UM3WLP,dec,316460602,500151993,183691391,So11111111111111111111111111111111111111111,9,1.0
3s8FgBb3HWm6npCc6z8cPpWX9aPZdYERkGh4456uuccUqVMysoKhDkZmC5J7BXS7PNsJzcP2L6u4DKkUHWYuFw2n,1754936789,2025-08-11T18:26:29,0.000021,3S3wPvBnGegy9Zj9LDMaRPn2d2pxakE9YdKPm8UM3WLP,inc,500151993,0,500151993,So11111111111111111111111111111111111111111,9,1.0
3YSuYYCPkXZYFyEjUND2yqLK9dNpnroKfpbZsN5J773d4kTzg3J3AYXQB3igUkVdophtaPqQs3LosTu6DCLKuBHT,1754936003,2025-08-11T18:13:23,0.000026,3S3wPvBnGegy9Zj9LDMaRPn2d2pxakE9YdKPm8UM3WLP,dec,106486650,106486650,0,So11111111111111111111111111111111111111111,9,1.0
5zPkuxLTmxPckgA4SE6fVzSjjUaNSp8NU9ahRmSCLZzNrMADCkGoNoMfUZSdgQRxTDR5hBqHfC8935aJFVCLiNxk,1754935684,2025-08-11T18:08:04,0.000049808,HGbtE1VhNh19UTPur4VexXzusPKnUnKst77y4KbJi7Ex,dec,6128943075686,6128943075686,0,4HncvpjDuxHwnxtUk1zadooA3biSe4uwS1coCr3upump,6,1.0
b21wfR9JdYzHLkXyv7Ew4xEW91892YvMkNvvek74hQqMkxp28wiqsngYivburvHeGhznQ8Few17vcQ4MCoKF9KC,1754935141,2025-08-11T17:59:01,0.000012283,HGbtE1VhNh19UTPur4VexXzusPKnUnKst77y4KbJi7Ex,inc,2315399178685,3813543897001,6128943075686,4HncvpjDuxHwnxtUk1zadooA3biSe4uwS1coCr3upump,6,1.0
b21wfR9JdYzHLkXyv7Ew4xEW91892YvMkNvvek74hQqMkxp28wiqsngYivburvHeGhznQ8Few17vcQ4MCoKF9KC,1754935141,2025-08-11T17:59:01,0.000012283,3S3wPvBnGegy9Zj9LDMaRPn2d2pxakE9YdKPm8UM3WLP,dec,404012286,510498936,106486650,So11111111111111111111111111111111111111111,9,1.0
4ouLvsZ1MWzwC5Fakr4Cb65TRx9kxa4Pq1WQPYDqRrx6BFD4ewAdMhqATiKgtbkqtnnMvzdPtEobwV3PK1fkZD9R,1754934495,2025-08-11T17:48:15,0.000025,HGbtE1VhNh19UTPur4VexXzusPKnUnKst77y4KbJi7Ex,inc,3813543897001,0,3813543897001,4HncvpjDuxHwnxtUk1zadooA3biSe4uwS1coCr3upump,6,1.0
4ouLvsZ1MWzwC5Fakr4Cb65TRx9kxa4Pq1WQPYDqRrx6BFD4ewAdMhqATiKgtbkqtnnMvzdPtEobwV3PK1fkZD9R,1754934495,2025-08-11T17:48:15,0.000025,3S3wPvBnGegy9Zj9LDMaRPn2d2pxakE9YdKPm8UM3WLP,dec,505025000,1015523936,510498936,So11111111111111111111111111111111111111111,9,1.0
3FhptG5nKju3MXSAMS6L2p9GS5Uk7wWRUd2o9yxMBc4j2vQUFrnMNa1rB2XsFwB81JnSqRryTzGRnNo7ciAhyNww,1754934408,2025-08-11T17:46:48,0.000006,HGbtE1VhNh19UTPur4VexXzusPKnUnKst77y4KbJi7Ex,dec,5315891972886,5315891972886,0,4HncvpjDuxHwnxtUk1zadooA3biSe4uwS1coCr3upump,6,1.0
3FhptG5nKju3MXSAMS6L2p9GS5Uk7wWRUd2o9yxMBc4j2vQUFrnMNa1rB2XsFwB81JnSqRryTzGRnNo7ciAhyNww,1754934408,2025-08-11T17:46:48,0.000006,3S3wPvBnGegy9Zj9LDMaRPn2d2pxakE9YdKPm8UM3WLP,inc,719551982,295971954,1015523936,So11111111111111111111111111111111111111111,9,1.0
ujXiSXbiTE5Wac39H34gxmtHknZX2dxRxdiEWkNbKM23YFqsZhzEdMB6oJHmEoyySpvKbSshP7BbNXQGvUN7WEi,1754934299,2025-08-11T17:44:59,0.000015,HGbtE1VhNh19UTPur4VexXzusPKnUnKst77y4KbJi7Ex,inc,5315891972886,0,5315891972886,4HncvpjDuxHwnxtUk1zadooA3biSe4uwS1coCr3upump,6,1.0
ujXiSXbiTE5Wac39H34gxmtHknZX2dxRxdiEWkNbKM23YFqsZhzEdMB6oJHmEoyySpvKbSshP7BbNXQGvUN7WEi,1754934299,2025-08-11T17:44:59,0.000015,3S3wPvBnGegy9Zj9LDMaRPn2d2pxakE9YdKPm8UM3WLP,dec,656515000,952486954,295971954,So11111111111111111111111111111111111111111,9,1.0
5DoFcGytA4nW2LxqP2BcDzURwe9Nsst9fpuRzcMFEHCp7v3BdpWtycEzEUJAdzP3TcTFTJrHrGQqjGhNzZuB6nKr,1754934235,2025-08-11T17:43:55,0.000015,HGbtE1VhNh19UTPur4VexXzusPKnUnKst77y4KbJi7Ex,dec,6837974925222,6837974925222,0,4HncvpjDuxHwnxtUk1zadooA3biSe4uwS1coCr3upump,6,1.0
5DoFcGytA4nW2LxqP2BcDzURwe9Nsst9fpuRzcMFEHCp7v3BdpWtycEzEUJAdzP3TcTFTJrHrGQqjGhNzZuB6nKr,1754934235,2025-08-11T17:43:55,0.000015,3S3wPvBnGegy9Zj9LDMaRPn2d2pxakE9YdKPm8UM3WLP,inc,854188343,98298611,952486954,So11111111111111111111111111111111111111111,9,1.0
2AgahQwony38CmTn2TzK81veocP7HWHTKmpP8XqN5Nwwb3TgPMEXX1fk1ZrwjM3exKEeWHgy5q2HWx2bPh8mZkbe,1754933527,2025-08-11T17:32:07,0.000005,3S3wPvBnGegy9Zj9LDMaRPn2d2pxakE9YdKPm8UM3WLP,inc,1,98298610,98298611,So11111111111111111111111111111111111111111,9,1.0
4wou8MBadWfGpCc3C7dT5GYAdcF47nc5NBtriA4JrXHWLENybLnDPVjBupUgAYNsaYc15EXffeFAuq69DH9JQ9w9,1754933527,2025-08-11T17:32:07,0.000005,3S3wPvBnGegy9Zj9LDMaRPn2d2pxakE9YdKPm8UM3WLP,inc,1,98298609,98298610,So11111111111111111111111111111111111111111,9,1.0
4jQxfkCHsifTuNEzSeVVyfR7NWaZYherN1guHt3HSZoF81tHLoZfXb7tFH8kaHQPbFE3NBbU9TwmME1ugYj6gfkG,1754933526,2025-08-11T17:32:06,0.000005,3S3wPvBnGegy9Zj9LDMaRPn2d2pxakE9YdKPm8UM3WLP,inc,1,98298608,98298609,So11111111111111111111111111111111111111111,9,1.0
apt7NLayPLTdg2WUYBEZoUn7Sf8J954YYkNg99LX5LoQ4huAJWFnpKsbjDo4PA2o61AsXsS8n3GBoPPT5xCCbo5,1754933526,2025-08-11T17:32:06,0.000005,3S3wPvBnGegy9Zj9LDMaRPn2d2pxakE9YdKPm8UM3WLP,inc,1,98298607,98298608,So11111111111111111111111111111111111111111,9,1.0
5fEsWPph4CjcryKvv1Qz6eMr5kbYz5wAKwft3o4oyaZs2jxgP7ZgEGw4zu43wUv1mmry8BenaUS78V61wbnVsVJJ,1754933521,2025-08-11T17:32:01,0.0000065,HGbtE1VhNh19UTPur4VexXzusPKnUnKst77y4KbJi7Ex,inc,6837974925222,0,6837974925222,4HncvpjDuxHwnxtUk1zadooA3biSe4uwS1coCr3upump,6,1.0
5fEsWPph4CjcryKvv1Qz6eMr5kbYz5wAKwft3o4oyaZs2jxgP7ZgEGw4zu43wUv1mmry8BenaUS78V61wbnVsVJJ,1754933521,2025-08-11T17:32:01,0.0000065,3S3wPvBnGegy9Zj9LDMaRPn2d2pxakE9YdKPm8UM3WLP,dec,401803783,500102390,98298607,So11111111111111111111111111111111111111111,9,1.0
4hfQ3nurzx5hvCw2RYpQqmRBWXgs1XuuCGKqvxsoXCGfrbgQZADrqMNfV7uPsbAqi6NoygScrK4bF59Prv8cG45A,1754932574,2025-08-11T17:16:14,0.000021,3S3wPvBnGegy9Zj9LDMaRPn2d2pxakE9YdKPm8UM3WLP,inc,500102390,0,500102390,So11111111111111111111111111111111111111111,9,1.0
65GRrJBcuGZ91fVhbv1ntSy6MsmLmAMGtp6DczsQMk1xPpQ12zUJM4DYsBbXj64Hcrm5jcTS987mUTcQzLXPdZRR,1754932390,2025-08-11T17:13:10,0.000026,3S3wPvBnGegy9Zj9LDMaRPn2d2pxakE9YdKPm8UM3WLP,dec,500026772,500026772,0,So11111111111111111111111111111111111111111,9,1.0
4tPqukcw61JLZHbndCEaYGMU3ED9oZm2VXsTFG85Biu6QfSbtmFjprRyX3YrKnYvFCb2Y5AZ985NndCT3zaR9PFe,1754931366,2025-08-11T16:56:06,0.000021,3S3wPvBnGegy9Zj9LDMaRPn2d2pxakE9YdKPm8UM3WLP,inc,500026772,0,500026772,So11111111111111111111111111111111111111111,9,1.0
GQoQYXyTUrGr9iQTKPrQ38Be7oUNhETfUFCFtxKsNUe8k41TJabKVNYns9BQW9m53ok5awDeR2GUR8ND31tyUSi,1754927356,2025-08-11T15:49:16,0.000026,3S3wPvBnGegy9Zj9LDMaRPn2d2pxakE9YdKPm8UM3WLP,dec,71444580,71444580,0,So11111111111111111111111111111111111111111,9,1.0
AjX3b1uHR5p7a9LRmfnkJ9ixTRFgK9J4js7GkA4DcU7xoHU3BM8vy7WtQk39JZXNwsYvZnqymBq9LNLiUQy8e3o,1754927176,2025-08-11T15:46:16,0.000053241,9wqzAuxL1G68qV1vRgkwZmBS14piF8ATF4Lw97TTttK7,dec,5644785171421,5644785171421,0,2po5iJqbERwSA9z2RBkXFQvJ2YUX4GAx85JsWWawpump,6,1.0
32e4FMGEETAQJuJtmiZm6KQtznwEyArBHGg9V94PvYYKohLHiBkmijaxPD7VzJEEdb7vUC4XVUDUgVg27D6JNg1R,1754926580,2025-08-11T15:36:20,0.000005,3S3wPvBnGegy9Zj9LDMaRPn2d2pxakE9YdKPm8UM3WLP,inc,1,71444579,71444580,So11111111111111111111111111111111111111111,9,1.0
46fYqd2TmJp6i55Zg2Uy9RgQUcLxFt4MuPKuw2aBk9fPwFnVuA3BLPASrQVCeC23z49p9tG7E4nCHuFuJZ9uh533,1754926578,2025-08-11T15:36:18,0.00002,9wqzAuxL1G68qV1vRgkwZmBS14piF8ATF4Lw97TTttK7,inc,5644785171421,0,5644785171421,2po5iJqbERwSA9z2RBkXFQvJ2YUX4GAx85JsWWawpump,6,1.0
46fYqd2TmJp6i55Zg2Uy9RgQUcLxFt4MuPKuw2aBk9fPwFnVuA3BLPASrQVCeC23z49p9tG7E4nCHuFuJZ9uh533,1754926578,2025-08-11T15:36:18,0.00002,3S3wPvBnGegy9Zj9LDMaRPn2d2pxakE9YdKPm8UM3WLP,dec,428582283,500026862,71444579,So11111111111111111111111111111111111111111,9,1.0
53z7VSen1k7LKLnJd12oSnM5vmGdRp7Hejbbuc3TwTHMSAMM54q5N5jKQhkSdKoDpXN9knsPKVScpfX9FoJRfJJy,1754925734,2025-08-11T15:22:14,0.000021,3S3wPvBnGegy9Zj9LDMaRPn2d2pxakE9YdKPm8UM3WLP,inc,500026862,0,500026862,So11111111111111111111111111111111111111111,9,1.0
n3GUDq53eVNk6ESTdvjdb6CjVLJhv65dnKcujikx6t2p4SsKfdxaFUhcRNq7ustnVFeqdi93kgvKoLKoskUyT3a,1754925386,2025-08-11T15:16:26,0.000026,3S3wPvBnGegy9Zj9LDMaRPn2d2pxakE9YdKPm8UM3WLP,dec,157865954,157865954,0,So11111111111111111111111111111111111111111,9,1.0
4C6GYKq1Z9ohxXgQaF2WwjcwDggxx3JDTTrZQmvfML2ttdEfbi6dcP4QWxGjZzvvEbHXh5MiVMcDTrEBwFa4BjdV,1754925248,2025-08-11T15:14:08,0.000061906,4498mL3hN9PNLD6FyVyLuEbnGNJUFiJX4NXbtPfwPeJV,dec,4523547247379,4523547247379,0,C56RQGSbskTJQSRRKzQGo8vT5fGzmm4ggYZjVLNqpump,6,1.0
5hbQ6R3pv8w3CEsUqpZdpBHMTbLjLdp6WWLU2sya35bB41zmAoKAcNQ1gg3Dw5oNCSeorPVrJRViMX55L17mCqsv,1754925067,2025-08-11T15:11:07,0.000005,3S3wPvBnGegy9Zj9LDMaRPn2d2pxakE9YdKPm8UM3WLP,inc,1,157865953,157865954,So11111111111111111111111111111111111111111,9,1.0
5ghKW6BoP9cKcvj321sEABiopzpi6soAyGJjYWVsugK3AsLDEBYCUpWaV9hqL9bJFZqs2P6KFzxnnP1gmEaWTyLT,1754925066,2025-08-11T15:11:06,0.000005,3S3wPvBnGegy9Zj9LDMaRPn2d2pxakE9YdKPm8UM3WLP,inc,1,157865952,157865953,So11111111111111111111111111111111111111111,9,1.0
5LuXgaiScv2B9dRqfty1wLTi3sKHfKWReauJcH5HBqUSJZVMxGKPavA9611gw3P1jLKy4Vo7NsTXNkruGrzhz9AT,1754925066,2025-08-11T15:11:06,0.000005,3S3wPvBnGegy9Zj9LDMaRPn2d2pxakE9YdKPm8UM3WLP,inc,1,157865951,157865952,So11111111111111111111111111111111111111111,9,1.0
5ygSbfwcoffn2baY9PzDUQppqm4QbUMyjE6qLcCkZSYLNrAtuzG9UF3iWsW6ejTEAbHA3Fh4DJzp6thLBu3bHxG7,1754925066,2025-08-11T15:11:06,0.000005,3S3wPvBnGegy9Zj9LDMaRPn2d2pxakE9YdKPm8UM3WLP,inc,1,157865950,157865951,So11111111111111111111111111111111111111111,9,1.0
5WQP8cntE2o2TJebpD28cN8pL7ycSjDCLGDsVPLzbt2qzeYgv2PrJTufbtqq9r7gyW4jMzRrQ1JUxNrm4oB7FJkK,1754925066,2025-08-11T15:11:06,0.000005,3S3wPvBnGegy9Zj9LDMaRPn2d2pxakE9YdKPm8UM3WLP,inc,1,157865949,157865950,So11111111111111111111111111111111111111111,9,1.0
UNZZaAmtehgNiCTsbpGYg3AyhVntz8i8uemnF5bwzYkt7BuuWdBmhKUQYxCsRxSqKizWUfkiUeZJWTfPGtWm9oo,1754925064,2025-08-11T15:11:04,0.000005,3S3wPvBnGegy9Zj9LDMaRPn2d2pxakE9YdKPm8UM3WLP,inc,1,157865948,157865949,So11111111111111111111111111111111111111111,9,1.0
3awcVWbEWU2AULiVzFWgjMGAyhktC4wwU1yh4JfWu9oGsHobSfGsaeVBcc5QzECKwGd9G7XwiEMPoR4TGh9EbFQt,1754925062,2025-08-11T15:11:02,0.000019021,4498mL3hN9PNLD6FyVyLuEbnGNJUFiJX4NXbtPfwPeJV,inc,4523547247379,0,4523547247379,C56RQGSbskTJQSRRKzQGo8vT5fGzmm4ggYZjVLNqpump,6,1.0
3awcVWbEWU2AULiVzFWgjMGAyhktC4wwU1yh4JfWu9oGsHobSfGsaeVBcc5QzECKwGd9G7XwiEMPoR4TGh9EbFQt,1754925062,2025-08-11T15:11:02,0.000019021,3S3wPvBnGegy9Zj9LDMaRPn2d2pxakE9YdKPm8UM3WLP,dec,342226304,500092252,157865948,So11111111111111111111111111111111111111111,9,1.0
e6CzTEycHnYmcDUEwQdxQx9Ko1aMXjcbfKQ4fTwrFEr33ywqamUzoZZk9aNG8ozR4QjiuKaWVWhrW1jQ6BQSZPu,1754923704,2025-08-11T14:48:24,0.000021,3S3wPvBnGegy9Zj9LDMaRPn2d2pxakE9YdKPm8UM3WLP,inc,500092252,0,500092252,So11111111111111111111111111111111111111111,9,1.0
3d47TEZMFRTFxWxcJ8enndfJ2fvAmSe9VkbscMsLmatQKH7tFA4imZTq5XTdvEon34wAJojpMxeizhso8fDFi9AH,1754862508,2025-08-10T21:48:28,0.000026,3S3wPvBnGegy9Zj9LDMaRPn2d2pxakE9YdKPm8UM3WLP,dec,9068041199,9068041199,0,So11111111111111111111111111111111111111111,9,1.0
3eHHbJhq6d3aWn4AMBRsp2f5iGKZUub4Evt41R5SUpewvDLkYJJCpKwjHMMuqqsNTvscJivK3NvTGpMSGb9rzY3z,1754862409,2025-08-10T21:46:49,0.00005,EwTzVphQtu7CkAMPsYzMEW6Hm8pX3af7EWyprV2nm6ff,dec,11430526985611,11430526985611,0,71jn786yyrHkxy6Hpf4QY6mLZ6j2mWP4fUpAoKCgutXh,6,1.0
3eHHbJhq6d3aWn4AMBRsp2f5iGKZUub4Evt41R5SUpewvDLkYJJCpKwjHMMuqqsNTvscJivK3NvTGpMSGb9rzY3z,1754862409,2025-08-10T21:46:49,0.00005,3S3wPvBnGegy9Zj9LDMaRPn2d2pxakE9YdKPm8UM3WLP,inc,8726584468,341456731,9068041199,So11111111111111111111111111111111111111111,9,1.0
3HCeng2LU5Zg6ZB7c8nQP7pC1QcNWMWSY4KSC3MBaANQPn7hpPjGcQNEsLgT6GqX9XRsNyAKMURX4NxbH3tK4N5v,1754861904,2025-08-10T21:38:24,0.000005,3S3wPvBnGegy9Zj9LDMaRPn2d2pxakE9YdKPm8UM3WLP,inc,1,341456730,341456731,So11111111111111111111111111111111111111111,9,1.0
58sxXzrvwcCe5ddSmydzeoAwP8Dw4VHhYSdaCRAiDSWwhiaRswb2kiK4pxttN1KH8QjbsQgKhdC62JxksWudmVrY,1754861904,2025-08-10T21:38:24,0.000005,3S3wPvBnGegy9Zj9LDMaRPn2d2pxakE9YdKPm8UM3WLP,inc,1,341456729,341456730,So11111111111111111111111111111111111111111,9,1.0
2twQ6ca9fjCKwtnzAzDA8BRbJWZnKnJzjCEqU8ACt3n2B6fGWi9ivxavihfN2cGM3yTw8az69SvgoMArnZD4Wu9w,1754861898,2025-08-10T21:38:18,0.000015,EwTzVphQtu7CkAMPsYzMEW6Hm8pX3af7EWyprV2nm6ff,inc,11430526985611,0,11430526985611,71jn786yyrHkxy6Hpf4QY6mLZ6j2mWP4fUpAoKCgutXh,6,1.0
2twQ6ca9fjCKwtnzAzDA8BRbJWZnKnJzjCEqU8ACt3n2B6fGWi9ivxavihfN2cGM3yTw8az69SvgoMArnZD4Wu9w,1754861898,2025-08-10T21:38:18,0.000015,3S3wPvBnGegy9Zj9LDMaRPn2d2pxakE9YdKPm8UM3WLP,dec,658554280,1000011009,341456729,So11111111111111111111111111111111111111111,9,1.0
5EtWjf7wYu4QBpaeotNP2P4R79gLDarWd5X9c2nLPx6Vh1mVovVJKLrbB7NiMdZmj975BpFMdGb7AzhUr9vCKQxp,1754861332,2025-08-10T21:28:52,0.000021,3S3wPvBnGegy9Zj9LDMaRPn2d2pxakE9YdKPm8UM3WLP,inc,499954567,500056442,1000011009,So11111111111111111111111111111111111111111,9,1.0
3Ew3DyuqkeWyecQw62eLpwDxE4urXgxqaNPk2mGn1inEtFfyHy7rzXqDpuy4d22Cg4ja4FTi7jM8nkefxEg1uykq,1754861321,2025-08-10T21:28:41,0.000021,3S3wPvBnGegy9Zj9LDMaRPn2d2pxakE9YdKPm8UM3WLP,inc,500056442,0,500056442,So11111111111111111111111111111111111111111,9,1.0
59MveRUoNKVGMfHzVTbJSwRxm4fpjqgmVrQ23SUYbxPpqT44STkUW5HoRWkNyA6PutogWK8iWfczhx9PYvTSvj29,1754861136,2025-08-10T21:25:36,0.000026,3S3wPvBnGegy9Zj9LDMaRPn2d2pxakE9YdKPm8UM3WLP,dec,1000185995,1000185995,0,So11111111111111111111111111111111111111111,9,1.0
FTrGGJts3YYUd77Wf9c8Vhs95sXXrWj238SRFJKW3LijCiMnWZZtG2nq6guUDaaUBeXxB94kNkwDVZBPEFk39gD,1754860700,2025-08-10T21:18:20,0.000021,3S3wPvBnGegy9Zj9LDMaRPn2d2pxakE9YdKPm8UM3WLP,inc,500066852,500119143,1000185995,So11111111111111111111111111111111111111111,9,1.0
4w1V6KTa4z7zGya6jFz1Z7BtzuafaqehQps2tGfTYKLiWVViNEsSYVpzAyV6fCfBpmNmQDKQhb1ECrZgStyxKX2T,1754860686,2025-08-10T21:18:06,0.000021,3S3wPvBnGegy9Zj9LDMaRPn2d2pxakE9YdKPm8UM3WLP,inc,500119143,0,500119143,So11111111111111111111111111111111111111111,9,1.0
5XRDK4H3RgfgsCkrHnMwdvYRw5Y4z9rdpBGHCZaKyfRfv2Bd48zv7aBxXD98GGWoFjuqFKK5DwWug8pPL5Bgnmf4,1754860515,2025-08-10T21:15:15,0.000026,3S3wPvBnGegy9Zj9LDMaRPn2d2pxakE9YdKPm8UM3WLP,dec,500160491,500160491,0,So11111111111111111111111111111111111111111,9,1.0
3d5LNhrEfZwWmK8vC3S2FtvTR5TzeNQpHGwess7gbnC5uAa56cWzskFkKpafzV8ij9ACEpnBBZbA7JKk1qin6q1M,1754859704,2025-08-10T21:01:44,0.000021,3S3wPvBnGegy9Zj9LDMaRPn2d2pxakE9YdKPm8UM3WLP,inc,500160491,0,500160491,So11111111111111111111111111111111111111111,9,1.0
ZkW8tkpEqHKFKEdRAYXspr5RCyxgMD6ZSSKASGMZx2T8fgGVuA7SqCf3YJ3YdmeqUdZY1uHxEKhzKMLzZuuGhfn,1754778406,2025-08-09T22:26:46,0.000021,3S3wPvBnGegy9Zj9LDMaRPn2d2pxakE9YdKPm8UM3WLP,dec,2506747191,2506747191,0,So11111111111111111111111111111111111111111,9,1.0
57XgEDNJHPLBXPqAwBF1DtyRzmsMC8WsSVUK5HzLwRwoyzzcap7rcJfWP3ReQ9RgYWpJqc7ibV5GCkHY6119yiCD,1754778257,2025-08-09T22:24:17,0.00007,GeFm3m3LtAcqvpkcNUvAfkmC5wBxS4BaZVSrjzbrQD36,dec,2045372048185,2045372048185,0,6gYtjjtCgGYcQwssvcaALaCopzcoEMgBMQZXLiGNp5ny,6,1.0
57XgEDNJHPLBXPqAwBF1DtyRzmsMC8WsSVUK5HzLwRwoyzzcap7rcJfWP3ReQ9RgYWpJqc7ibV5GCkHY6119yiCD,1754778257,2025-08-09T22:24:17,0.00007,3S3wPvBnGegy9Zj9LDMaRPn2d2pxakE9YdKPm8UM3WLP,inc,1764768578,741978613,2506747191,So11111111111111111111111111111111111111111,9,1.0
4SAkmBx5ycg6919HG42cBBUqWtaLtvXGgxiboht7zrMjVjPtcPJziYivaFUNoBVpJHHGMWiDkGRVhBfw6TBJNAhV,1754778100,2025-08-09T22:21:40,0.000005,3S3wPvBnGegy9Zj9LDMaRPn2d2pxakE9YdKPm8UM3WLP,inc,1,741978612,741978613,So11111111111111111111111111111111111111111,9,1.0
5HpyEf4uxiRHVah87B8NZHmtycT4AF84iMFvQxNjiHdPzFWxtxskUxh4t7Q8rZXtRF2rcCTL3xW3hLnvJ4djb9Kc,1754778097,2025-08-09T22:21:37,0.00008,GeFm3m3LtAcqvpkcNUvAfkmC5wBxS4BaZVSrjzbrQD36,inc,2045372048185,0,2045372048185,6gYtjjtCgGYcQwssvcaALaCopzcoEMgBMQZXLiGNp5ny,6,1.0
5HpyEf4uxiRHVah87B8NZHmtycT4AF84iMFvQxNjiHdPzFWxtxskUxh4t7Q8rZXtRF2rcCTL3xW3hLnvJ4djb9Kc,1754778097,2025-08-09T22:21:37,0.00008,3S3wPvBnGegy9Zj9LDMaRPn2d2pxakE9YdKPm8UM3WLP,dec,258154283,1000132895,741978612,So11111111111111111111111111111111111111111,9,1.0
296v8sbkJYPwdKMKXRpMNUwJn6mUbvDmNqR4DsLfEdArJuNDqC5svx66SSZbfrUkwwRmTtuMCU4mEQ4ERAL9xizU,1754776411,2025-08-09T21:53:31,0.000021,3S3wPvBnGegy9Zj9LDMaRPn2d2pxakE9YdKPm8UM3WLP,inc,1000132895,0,1000132895,So11111111111111111111111111111111111111111,9,1.0
PcpKRDgpG4u4rHeuJzshFhfPN6YpKwPf8RfeLe7LEV43h3fSuDfdDQcRCnMHpE6HbZCgiv7DjCUUPtodGr2h26H,1754776362,2025-08-09T21:52:42,0.000026,3S3wPvBnGegy9Zj9LDMaRPn2d2pxakE9YdKPm8UM3WLP,dec,1000153836,1000153836,0,So11111111111111111111111111111111111111111,9,1.0
B3QS8oGU6SVWCxX53ELw5Dx3jrP7UbK3fivguipPh2Rmzufx2McC2dTKVHVBSToWL3av6dhiHfHdDdFxuxxRGDh,1754776088,2025-08-09T21:48:08,0.000005,3S3wPvBnGegy9Zj9LDMaRPn2d2pxakE9YdKPm8UM3WLP,inc,1,1000153835,1000153836,So11111111111111111111111111111111111111111,9,1.0
5SNUS6sXLJxcsAMZu1NqQPDML3Yy1wffd5TCBw1PDL4t1KeqUH4Rth6Rn3mNyXuE9ok3HwpiFRHyWU45dYxv5C2x,1754776088,2025-08-09T21:48:08,0.000005,3S3wPvBnGegy9Zj9LDMaRPn2d2pxakE9YdKPm8UM3WLP,inc,1,1000153834,1000153835,So11111111111111111111111111111111111111111,9,1.0
3kQKsouJn9MdURFLhEbYcPpZqxHFMG7ycDP5uBgVQ9SeMtVMgWpubsuZXwkwrMViojtJKeptMDuKobpitRLtAjU8,1754776077,2025-08-09T21:47:57,0.000021,3S3wPvBnGegy9Zj9LDMaRPn2d2pxakE9YdKPm8UM3WLP,inc,1000153834,0,1000153834,So11111111111111111111111111111111111111111,9,1.0
3Gs3WG9MmMKYCfoS4c26HLzTHGdwQuMXMxoXAzAR1oAiAm9CHAAdekAY72T4DbU5hqfLbSmq4xNf5z16GYejNz4E,1754666946,2025-08-08T15:29:06,0.000026,3S3wPvBnGegy9Zj9LDMaRPn2d2pxakE9YdKPm8UM3WLP,dec,5519104914,5519104914,0,So11111111111111111111111111111111111111111,9,1.0
ebEMaE1CgCpzNRVkUrgyuCtwzDfz7a47YN5UTaKCmA32ooTjffvCM8wR98neSijm61XjqgukPfcTvYXhtXZHdc4,1754666889,2025-08-08T15:28:09,0.000005,3S3wPvBnGegy9Zj9LDMaRPn2d2pxakE9YdKPm8UM3WLP,inc,1,5519104913,5519104914,So11111111111111111111111111111111111111111,9,1.0
5PRZjC9nmj7rdeArmBoU2KYG3vZYBUy2PuCHZQBXTGqvqipAUWi2viB11mza5CQZ9tneuAWq3g8WfCDLUFB3jf4N,1754666855,2025-08-08T15:27:35,0.000005,3S3wPvBnGegy9Zj9LDMaRPn2d2pxakE9YdKPm8UM3WLP,inc,1,5519104912,5519104913,So11111111111111111111111111111111111111111,9,1.0
534UjbAbkNUWqExomzhTyNUD4uorzyj4V4Hnymz2wAtGBjkejtwVwYLTcUWDtPWBQ9ehkwVq5QiXjLCTwYvNvF3V,1754666852,2025-08-08T15:27:32,0.000005,3S3wPvBnGegy9Zj9LDMaRPn2d2pxakE9YdKPm8UM3WLP,inc,1,5519104911,5519104912,So11111111111111111111111111111111111111111,9,1.0
DAuvaCKy8NmNN8km2QDg7b6bxKAW49raKhwGpmgMCscYuvwoQkRZGqZNUhXdhKzyH52s3bhPm3hq6QXcNtcS3Xz,1754666852,2025-08-08T15:27:32,0.000005,3S3wPvBnGegy9Zj9LDMaRPn2d2pxakE9YdKPm8UM3WLP,inc,1,5519104910,5519104911,So11111111111111111111111111111111111111111,9,1.0
km4Btxzx4Ug3yykGQRFRGR9tkN36t5Gp1qf5vQfmzvm1uzQxpDc2uTQd6gXAS4kkrigEQfEPCg8nG9qzHziXzar,1754666850,2025-08-08T15:27:30,0.000086667,44wmd4ZVnMQ3guHKPvQpoz6gx8KT2RWjKSP9MfYaZXCG,dec,6239222755638,6239222755638,0,EcEGyxWyY8xvvUpfC4h3xCWaeJiD7Z9E3UzhC5Napump,6,1.0
km4Btxzx4Ug3yykGQRFRGR9tkN36t5Gp1qf5vQfmzvm1uzQxpDc2uTQd6gXAS4kkrigEQfEPCg8nG9qzHziXzar,1754666850,2025-08-08T15:27:30,0.000086667,3S3wPvBnGegy9Zj9LDMaRPn2d2pxakE9YdKPm8UM3WLP,inc,5306340966,212763944,5519104910,So11111111111111111111111111111111111111111,9,1.0
3ZtMAcnufmAQ2aUVAZXxmhDCH76BcAE8FKar8UbgLfeAa2FQKPPVXHM846bvpTt977ZrzNWzi7ReCdg1gb3tvajb,1754665905,2025-08-08T15:11:45,0.000005,3S3wPvBnGegy9Zj9LDMaRPn2d2pxakE9YdKPm8UM3WLP,inc,1,212763943,212763944,So11111111111111111111111111111111111111111,9,1.0
5EoQkqciKcbyCwbgrYbh9Ym2stQ4Ayug23WTw3vqyyEQH6MvvbkxP8MMTBKFCB9KtTrCHpk2J3nHeJJgrJFRSfST,1754665902,2025-08-08T15:11:42,0.000015,44wmd4ZVnMQ3guHKPvQpoz6gx8KT2RWjKSP9MfYaZXCG,inc,6239222755638,0,6239222755638,EcEGyxWyY8xvvUpfC4h3xCWaeJiD7Z9E3UzhC5Napump,6,1.0
5EoQkqciKcbyCwbgrYbh9Ym2stQ4Ayug23WTw3vqyyEQH6MvvbkxP8MMTBKFCB9KtTrCHpk2J3nHeJJgrJFRSfST,1754665902,2025-08-08T15:11:42,0.000015,3S3wPvBnGegy9Zj9LDMaRPn2d2pxakE9YdKPm8UM3WLP,dec,287379280,500143223,212763943,So11111111111111111111111111111111111111111,9,1.0
4KmmPvuEfroUcKpsw4vZJ4iVEnMbRjR7K69DocX2T9EG15t6ZqAYJFqwNpMfwfZJ1oQE7CYYQ8v187uNk1naJM9C,1754665092,2025-08-08T14:58:12,0.000021,3S3wPvBnGegy9Zj9LDMaRPn2d2pxakE9YdKPm8UM3WLP,inc,500143223,0,500143223,So11111111111111111111111111111111111111111,9,1.0
49kN1wfpYzEhFxpDt6oNuSixGxtsWycbLHxuzaS2R2Nr95FC9hdPxevjTHSfkRdWpJLUzqohNcJdVEvEfnz5QtYa,1754665017,2025-08-08T14:56:57,0.000026,3S3wPvBnGegy9Zj9LDMaRPn2d2pxakE9YdKPm8UM3WLP,dec,476763721,476763721,0,So11111111111111111111111111111111111111111,9,1.0
5btbk6T3gnae2aVFNG3vgZx5NhN8kwWvQRjvvKVfYHtaNpefkjVtnfoevpdpVEykbaY79NV115sVbaWxYUMwmPum,1754664714,2025-08-08T14:51:54,0.000007,3S3wPvBnGegy9Zj9LDMaRPn2d2pxakE9YdKPm8UM3WLP,dec,3570520,480334241,476763721,So11111111111111111111111111111111111111111,9,1.0
4N7R346usqKADfxqzas4RSx2TCqhyNERhJzbME9v7Fy5x4FiBwP6NXTQZbVaLMRbKp88SMhgWjYQVpxTF3fhkjWV,1754664702,2025-08-08T14:51:42,0.000007,3S3wPvBnGegy9Zj9LDMaRPn2d2pxakE9YdKPm8UM3WLP,dec,6243160,486577401,480334241,So11111111111111111111111111111111111111111,9,1.0
2fdqQH3YTK3ABC87Vdg9zkQZWF4bZuxcJsLomwiSGBz95vm8pa12H7y7UF4facxC4iyh5hd4KHkzmsd4oBgQtKYp,1754664690,2025-08-08T14:51:30,0.000007,3S3wPvBnGegy9Zj9LDMaRPn2d2pxakE9YdKPm8UM3WLP,dec,6243160,492820561,486577401,So11111111111111111111111111111111111111111,9,1.0
RVbzWE65pog15NKeW3f3crTZ379oXgQYaJpt9QGxsW9DrX5zqPgb94u3yC81E78uVKicVtbdLbHfUdNuTz4uKA9,1754664679,2025-08-08T14:51:19,0.000007,3S3wPvBnGegy9Zj9LDMaRPn2d2pxakE9YdKPm8UM3WLP,dec,7301080,500121641,492820561,So11111111111111111111111111111111111111111,9,1.0
3p13MW17TTS3g7JdVC712f5JPiBkyXyVqVFhPY5jSA8JYidznK66WFdeS6jBh63Y2nbDWxCYZ7NjkM3Kfzp6NdHW,1754664122,2025-08-08T14:42:02,0.000021,3S3wPvBnGegy9Zj9LDMaRPn2d2pxakE9YdKPm8UM3WLP,inc,500121641,0,500121641,So11111111111111111111111111111111111111111,9,1.0
WV2H6YZ843Z7akhzrvv9sVTA7FTFqDArhL7QnC1aEMFcGNVgADN2VNMTARCCtq3XnVEcbK6PKdE4pw7dgFLzqji,1754663251,2025-08-08T14:27:31,0.000026,3S3wPvBnGegy9Zj9LDMaRPn2d2pxakE9YdKPm8UM3WLP,dec,97673571,97673571,0,So11111111111111111111111111111111111111111,9,1.0
VBnM5yZcfTvAoxkonw8PGe1PkmLedPgssz74hfRBdWqPbW6AXwmYtxAuc9FPgAqMw9D8gLYCftpv8bcgpFkhGuz,1754663043,2025-08-08T14:24:03,0.000041,J5xiESA1XNuLTuNqrkZ81MUZcS9yDA5yyaqtwXkKrtfw,dec,4557560731887,4557560731887,0,6sFWuaaa4yX8X41ZzhTFMz4FKPR16HkP11WeGfXbbLwR,6,1.0
4pPmYQJByb92rvrHrD8F42KRhrs6VmTdJiBqd6KKxX6FkWyZ8qjGs7FSW2CyQ5eBE9aor9Lh5gSJe4KRFYPwByWn,1754662964,2025-08-08T14:22:44,0.000005,3S3wPvBnGegy9Zj9LDMaRPn2d2pxakE9YdKPm8UM3WLP,inc,1,97673570,97673571,So11111111111111111111111111111111111111111,9,1.0
4CGZ5yHJUDZec8jN3b29TyKbTpWPHSLsvXMT9QMRwTZS8tncp1d8RUu66LaLZbjg4UazPd3L1d7bso8wjPs5ASmb,1754662964,2025-08-08T14:22:44,0.000005,3S3wPvBnGegy9Zj9LDMaRPn2d2pxakE9YdKPm8UM3WLP,inc,1,97673569,97673570,So11111111111111111111111111111111111111111,9,1.0
2JFPCGbLbMkJha1AyUYB5bpFxBLBY9vqAexE2CrbVaARVrtYy2ERJeyBSxMmYHgfGZLC6zackhVQcmRSTKySPWsV,1754662948,2025-08-08T14:22:28,0.000006,J5xiESA1XNuLTuNqrkZ81MUZcS9yDA5yyaqtwXkKrtfw,inc,4557560731887,0,4557560731887,6sFWuaaa4yX8X41ZzhTFMz4FKPR16HkP11WeGfXbbLwR,6,1.0
2JFPCGbLbMkJha1AyUYB5bpFxBLBY9vqAexE2CrbVaARVrtYy2ERJeyBSxMmYHgfGZLC6zackhVQcmRSTKySPWsV,1754662948,2025-08-08T14:22:28,0.000006,3S3wPvBnGegy9Zj9LDMaRPn2d2pxakE9YdKPm8UM3WLP,dec,463091003,560764572,97673569,So11111111111111111111111111111111111111111,9,1.0
SyzmV6CjBaeicdqAYrDjPgYwUEjSLgi3NaKhnS5miHEhNvcLfbgVgGrb1krphc6zVexWR77ccyHoyFRxx9faCMe,1754662586,2025-08-08T14:16:26,0.000005,3S3wPvBnGegy9Zj9LDMaRPn2d2pxakE9YdKPm8UM3WLP,inc,1,560764571,560764572,So11111111111111111111111111111111111111111,9,1.0
4B6a4zJw1PJoauDhExNAiTbvD9KMjNKbsqhjZNmb5TNe4ZKFLpfv265iPL4wC8wjpdcmvrXGNTrtesd358nqbxTu,1754662449,2025-08-08T14:14:09,0.000015003,J5xiESA1XNuLTuNqrkZ81MUZcS9yDA5yyaqtwXkKrtfw,dec,9455666451696,9455666451696,0,6sFWuaaa4yX8X41ZzhTFMz4FKPR16HkP11WeGfXbbLwR,6,1.0
4B6a4zJw1PJoauDhExNAiTbvD9KMjNKbsqhjZNmb5TNe4ZKFLpfv265iPL4wC8wjpdcmvrXGNTrtesd358nqbxTu,1754662449,2025-08-08T14:14:09,0.000015003,3S3wPvBnGegy9Zj9LDMaRPn2d2pxakE9YdKPm8UM3WLP,inc,543313244,17451327,560764571,So11111111111111111111111111111111111111111,9,1.0
5iNsrzAeCgNrHUTUmCQtNBwy3yJ7CnYwoJok6aEYWReMZ3WEkaM1NJDAyPcZQS6AeRAWopfEwbjjNn7LU6x8dYLn,1754662396,2025-08-08T14:13:16,0.000005,3S3wPvBnGegy9Zj9LDMaRPn2d2pxakE9YdKPm8UM3WLP,inc,1,17451326,17451327,So11111111111111111111111111111111111111111,9,1.0
2QLJqi2qukEuAkKaSFy4ptm72obvvnFKCdqqS5V8sP5kcW8C3kXiStyaPXEvXeJhokFnJ6KZShk7UrZvcifauLje,1754662391,2025-08-08T14:13:11,0.00002,J5xiESA1XNuLTuNqrkZ81MUZcS9yDA5yyaqtwXkKrtfw,inc,9455666451696,0,9455666451696,6sFWuaaa4yX8X41ZzhTFMz4FKPR16HkP11WeGfXbbLwR,6,1.0
2QLJqi2qukEuAkKaSFy4ptm72obvvnFKCdqqS5V8sP5kcW8C3kXiStyaPXEvXeJhokFnJ6KZShk7UrZvcifauLje,1754662391,2025-08-08T14:13:11,0.00002,3S3wPvBnGegy9Zj9LDMaRPn2d2pxakE9YdKPm8UM3WLP,dec,482617280,500068606,17451326,So11111111111111111111111111111111111111111,9,1.0
4wwgKoU1XMtRZpgE1cVHEewpVMYcG9dfN6F93TEmY9PGM4eq4t8ZUARX9wxDmAacD7t3SWnnmLAgFqsubwQb59wG,1754661050,2025-08-08T13:50:50,0.000021,3S3wPvBnGegy9Zj9LDMaRPn2d2pxakE9YdKPm8UM3WLP,inc,500068606,0,500068606,So11111111111111111111111111111111111111111,9,1.0
ZE8dRHJagAesg83AbQW4kDoczhohumYsdjwn5WaseVHnV74DoMMdkhNVVWiMLhfmWSPfBxVx8XaSjU2RLp7hWvz,1754659872,2025-08-08T13:31:12,0.000026,3S3wPvBnGegy9Zj9LDMaRPn2d2pxakE9YdKPm8UM3WLP,dec,102340015,102340015,0,So11111111111111111111111111111111111111111,9,1.0
kj4pCXH6ppxcSgXnpZsYqkj1v4WK5GirqGDshpWqJzupEzEDAPbMoDEmv2Ha3CJfFJq7143LFSPkGLXc4uQFfiB,1754659295,2025-08-08T13:21:35,0.000005,3S3wPvBnGegy9Zj9LDMaRPn2d2pxakE9YdKPm8UM3WLP,inc,1,102340014,102340015,So11111111111111111111111111111111111111111,9,1.0
5zhJcfcb5bbZzrhVGU38izUE98s2LpHRdC2tczVzetqZaNWVLFmdgfqUCpNZF6SjjNeoFKpovEwmdecg2kvEsWDz,1754659295,2025-08-08T13:21:35,0.000005,3S3wPvBnGegy9Zj9LDMaRPn2d2pxakE9YdKPm8UM3WLP,inc,1,102340013,102340014,So11111111111111111111111111111111111111111,9,1.0
TFnDF97nngTrCXDzReUQqbTZ8NrkadzxQZFYmSgDXMhuzNwH8vuqkc1qtbNppumwFDrxzptLsT1Bc1mC4YDg45v,1754659295,2025-08-08T13:21:35,0.000005,3S3wPvBnGegy9Zj9LDMaRPn2d2pxakE9YdKPm8UM3WLP,inc,1,102340012,102340013,So11111111111111111111111111111111111111111,9,1.0
4jnsbbB3DyQFN6x5EzK18iVWGYsd5HLUFUqNxwXisDeH4w1MPot9HsQepoQggzDuQevY3h6fLHYYnJaeSWUyA4Y7,1754659293,2025-08-08T13:21:33,0.000005,3S3wPvBnGegy9Zj9LDMaRPn2d2pxakE9YdKPm8UM3WLP,inc,1,102340011,102340012,So11111111111111111111111111111111111111111,9,1.0
2WeokpcuMxV4THGXkoMd7qnEcJuLf2Lt3d9NTBrEV7aSJZ34TaHuQjUtKS7K5eoZ9GcGR2pgzsUr7KWUHtP5AQMM,1754659293,2025-08-08T13:21:33,0.000005,3S3wPvBnGegy9Zj9LDMaRPn2d2pxakE9YdKPm8UM3WLP,inc,1,102340010,102340011,So11111111111111111111111111111111111111111,9,1.0
48p4SosT6dJCx4oxzg4MM92oNDyA9XGaB9h34p2k2mM1CJkaDXwiaGex5fU7iDYsXES4cdSjcRdbLqTzGA9i9j7u,1754659293,2025-08-08T13:21:33,0.000005,3S3wPvBnGegy9Zj9LDMaRPn2d2pxakE9YdKPm8UM3WLP,inc,1,102340009,102340010,So11111111111111111111111111111111111111111,9,1.0
35PUJh1yeEpdbvcdEp1sK5ySNGDtxWGhi3tNyPC3Bog9jxMDi11NE4FUQ1vWZZgdB24WMzNsF1jBrb3iotrsDquY,1754659293,2025-08-08T13:21:33,0.000041,7U4RT7pkGm3xBT2oLVL7AUqRaQEAw1kaeUov6V5RATRT,dec,6505560087163,6505560087163,0,DPkj7RiPRgd7R5dhXYpYQXE6j62forjGVnX1DHZKnaNU,6,1.0
Pc2CSHTnmF1Y1XZWzeWfmZ7GFBdTh57vV644Lcw4SM7aCzJPP8jY71zn7dGTL4RVpAg981SCDAf3MKXMdQder47,1754658804,2025-08-08T13:13:24,0.000055,7U4RT7pkGm3xBT2oLVL7AUqRaQEAw1kaeUov6V5RATRT,inc,6505560087163,0,6505560087163,DPkj7RiPRgd7R5dhXYpYQXE6j62forjGVnX1DHZKnaNU,6,1.0
Pc2CSHTnmF1Y1XZWzeWfmZ7GFBdTh57vV644Lcw4SM7aCzJPP8jY71zn7dGTL4RVpAg981SCDAf3MKXMdQder47,1754658804,2025-08-08T13:13:24,0.000055,3S3wPvBnGegy9Zj9LDMaRPn2d2pxakE9YdKPm8UM3WLP,dec,397812280,500152289,102340009,So11111111111111111111111111111111111111111,9,1.0
hJ7Lfpqyg8Yt5uYExsHGvAd3BHQLwvrGseqaLjAnH4mYFMiRe8wo4BS3r4RcMFegm7YJEX3fD3sZeKmd6YJvdJj,1754657690,2025-08-08T12:54:50,0.000021,3S3wPvBnGegy9Zj9LDMaRPn2d2pxakE9YdKPm8UM3WLP,inc,500152289,0,500152289,So11111111111111111111111111111111111111111,9,1.0
5XyWQnwt3wXxUEz7hdfFN4PgJBB1qrCgxoZ9AhD5LGppDoPh3fFjzMN1X1spp2hVobtPX9YQaNs3JjBNxdcuGnto,1754657454,2025-08-08T12:50:54,0.000026,3S3wPvBnGegy9Zj9LDMaRPn2d2pxakE9YdKPm8UM3WLP,dec,500065062,500065062,0,So11111111111111111111111111111111111111111,9,1.0
5aHPpQ3vu9NPmeE8TbgYQqh5UHG4GmTTJkx4PJKjhxQBqqX1PoFhUVxV6f55idcNY4Di8R2fkNYm56fbdUThm7kK,1754657273,2025-08-08T12:47:53,0.000021,3S3wPvBnGegy9Zj9LDMaRPn2d2pxakE9YdKPm8UM3WLP,inc,500065062,0,500065062,So11111111111111111111111111111111111111111,9,1.0
5Em7Q3DCXfsCd3XVAeZkyGE2q5Rc1JvA8MCTc4zmA2JZPGd6nWJHP8uKh7wfhDvgmNZc6NvWoxey4Yb7hxhYtg9M,1754656725,2025-08-08T12:38:45,0.000026,3S3wPvBnGegy9Zj9LDMaRPn2d2pxakE9YdKPm8UM3WLP,dec,209702709,209702709,0,So11111111111111111111111111111111111111111,9,1.0
xy2jT3AVm4JHJ6fXU65qQfUjgh5dpSWNJFpt39CqXxuJgNYPDqXB2mMvxGW6B9uz3hSRWmS8fww4PEL5F6z1Mv9,1754656311,2025-08-08T12:31:51,0.000005,3S3wPvBnGegy9Zj9LDMaRPn2d2pxakE9YdKPm8UM3WLP,inc,1,209702708,209702709,So11111111111111111111111111111111111111111,9,1.0
5sPbsMqg8e3z3HQ1pZRecvm86aGLv9k891vYvN6Xc3bDTnRYiYRogvVPNMNz4RTm915rNBw9TyTGCJk1idhr5QH3,1754656203,2025-08-08T12:30:03,0.000041,9ivhR7vrf81HdRUWXW2LfgpZeCYJcqhvKE2NVTYWwMdG,dec,6480838022422,6480838022422,0,GLXAStzbkMfyXYvZKTRabieihNY4uJZtE45ZoAVsi5M8,6,1.0
3MEshts9ToEVfgFKgUMiH31yXETCsHaBXS1ibB5xS2vYw4oBT86rD7wDABVu9DMAwcAkYDzJKMVhvSJPQULwHPXd,1754655357,2025-08-08T12:15:57,0.000005,3S3wPvBnGegy9Zj9LDMaRPn2d2pxakE9YdKPm8UM3WLP,inc,1,209702707,209702708,So11111111111111111111111111111111111111111,9,1.0
5h4W8hAx5GFq8BhJ8mCKaFWutv2ur1WkgNYzNHGNYo9gyM17npUjfr9Rt8uMZecRMYePRrraUKEc8C7yVCi6xAZy,1754655357,2025-08-08T12:15:57,0.000005,3S3wPvBnGegy9Zj9LDMaRPn2d2pxakE9YdKPm8UM3WLP,inc,1,209702706,209702707,So11111111111111111111111111111111111111111,9,1.0
3mH5HMtSU2jeGgqhm4hBQ3cS6vM2iB4NersgNHLvoXPsJeYGAQgof3wvribXPTzxR13tergixkUKquYnsxP7vGDL,1754655357,2025-08-08T12:15:57,0.000005,3S3wPvBnGegy9Zj9LDMaRPn2d2pxakE9YdKPm8UM3WLP,inc,1,209702705,209702706,So11111111111111111111111111111111111111111,9,1.0
64F13LBQxhbnMwqsnwCJvGwAR9iDRRRUV9HZ2YnNzhkeVDs6wf6Bg8jMLU8BPrUTyxaCP8UnCxDvrq6wGKKqup1D,1754655357,2025-08-08T12:15:57,0.000005,3S3wPvBnGegy9Zj9LDMaRPn2d2pxakE9YdKPm8UM3WLP,inc,1,209702704,209702705,So11111111111111111111111111111111111111111,9,1.0
3DtN8GbTdYMkxcFPeh75Sa29Lrt2hg1ZvrxbutMw1wo6AFAXgAZa2sgJQdwg73Ygr2WiQMri5RbKKn6NdotgrfKi,1754655353,2025-08-08T12:15:53,0.000005,3S3wPvBnGegy9Zj9LDMaRPn2d2pxakE9YdKPm8UM3WLP,inc,1,209702703,209702704,So11111111111111111111111111111111111111111,9,1.0
2SjXC5LG3tcAfxFd1Sb8sF52hnASvmhm1whbff5c8mCHKqaxxEzjUcgQXhgXNUy4HhfQyuYkjwiw5reoGigFs9To,1754655349,2025-08-08T12:15:49,0.000055,9ivhR7vrf81HdRUWXW2LfgpZeCYJcqhvKE2NVTYWwMdG,inc,6480838022422,0,6480838022422,GLXAStzbkMfyXYvZKTRabieihNY4uJZtE45ZoAVsi5M8,6,1.0
2SjXC5LG3tcAfxFd1Sb8sF52hnASvmhm1whbff5c8mCHKqaxxEzjUcgQXhgXNUy4HhfQyuYkjwiw5reoGigFs9To,1754655349,2025-08-08T12:15:49,0.000055,3S3wPvBnGegy9Zj9LDMaRPn2d2pxakE9YdKPm8UM3WLP,dec,290454849,500157552,209702703,So11111111111111111111111111111111111111111,9,1.0
5RDYA2uiCUiZhFtaQWQGxiju56WpfQyhk9YnqmWXK8EWHZAmoShv2e9xR9Y1jXL7UatFPFdPQ36yGxVJ8EqCTgY8,1754653521,2025-08-08T11:45:21,0.000021,3S3wPvBnGegy9Zj9LDMaRPn2d2pxakE9YdKPm8UM3WLP,inc,500157552,0,500157552,So11111111111111111111111111111111111111111,9,1.0
417WPMV2tE9fkyGTjrKvNS1YCGSQ5i7RvX4gLEjrshyPqud2xhmR9nKMsKKpqaciug8yyh7fF1Mgn7wxCWE65Qut,1753193250,2025-07-22T14:07:30,0.000025569,3S3wPvBnGegy9Zj9LDMaRPn2d2pxakE9YdKPm8UM3WLP,dec,1406195992,1406195992,0,So11111111111111111111111111111111111111111,9,1.0
wsZb5dicNk9iiSHqDNbK22koTz7YUsu79ZKqimpGaBKXPbM6eAqA8jNww3dVnGyv6vPhrXxWBc4b2EeJ32Wyp6W,1753192989,2025-07-22T14:03:09,0.000005,3S3wPvBnGegy9Zj9LDMaRPn2d2pxakE9YdKPm8UM3WLP,inc,1,1406195991,1406195992,So11111111111111111111111111111111111111111,9,1.0
ZZpUSc6uyV8zkatGio9492XjeB9kKbzfLBByLMf6fFKkTgSbTpJiMdASXQmdmgWzb6BBu9Jfomay1V4vgxd4eoC,1753192988,2025-07-22T14:03:08,0.000005,3S3wPvBnGegy9Zj9LDMaRPn2d2pxakE9YdKPm8UM3WLP,inc,1,1406195990,1406195991,So11111111111111111111111111111111111111111,9,1.0
hy8ng7Qxbu4xQfuXtn7jssQofSMd33E3nd7u5mqhMqwqz2ar6qi34vpwNgjyaj25aQcyep4e4ngKJb91amdyyG4,1753192988,2025-07-22T14:03:08,0.000005,3S3wPvBnGegy9Zj9LDMaRPn2d2pxakE9YdKPm8UM3WLP,inc,1,1406195989,1406195990,So11111111111111111111111111111111111111111,9,1.0
cKbp8LERgET1LRKsrWj5F8vZtQJTd39msfBLHh3i2jPTCTHfKp9qU7DXL1QH23Mv8xSGpuyb7B8fgGhNeZH76am,1753192924,2025-07-22T14:02:04,0.000041,4GG9Ug5LVYxSzoziRXDtppBPUwB6QZ44Q31wtSysjjm8,dec,11288988368490,11288988368490,0,A7ksH2yHc4MXVTSbGrymepKv4qLcGA7gQHWjAF6gWSiz,6,1.0
2HUdYHexTjdg4AemXZigiBRhqco36dmvHzsDA1Y7VfyrB3rjtp7V7vt6SJvhCaccpGv4YFMvQj3VycCLdoekjmut,1753192897,2025-07-22T14:01:37,0.000005,3S3wPvBnGegy9Zj9LDMaRPn2d2pxakE9YdKPm8UM3WLP,inc,1,1406195988,1406195989,So11111111111111111111111111111111111111111,9,1.0
39Xre8Y5ZAHC9KayJvqJhEDWExymmynhWWeqfedHnThZWqLHsHtaqYiPmogWE1XZRhk7PagDFcjc4yoViadykkoW,1753192891,2025-07-22T14:01:31,0.000005,3S3wPvBnGegy9Zj9LDMaRPn2d2pxakE9YdKPm8UM3WLP,inc,1,1406195987,1406195988,So11111111111111111111111111111111111111111,9,1.0
3MV8hRzhXVrHbgcZQxgfaywVdAnzxpRvW6q8PBFRPy1N7jPqDuLYpFn35n5Qr8sHmQKm6zhRg159bTe2hq2tMNEm,1753192891,2025-07-22T14:01:31,0.000005,3S3wPvBnGegy9Zj9LDMaRPn2d2pxakE9YdKPm8UM3WLP,inc,1,1406195986,1406195987,So11111111111111111111111111111111111111111,9,1.0
wzmiTVGk2pkHQMA6Br6u39zVQFkCqNftjDShTx4VrKsTEDVejgEAVZkhBh6ty93p9KWZTz6GaG7rrtr1TpJ38tw,1753192884,2025-07-22T14:01:24,0.000005686,4GG9Ug5LVYxSzoziRXDtppBPUwB6QZ44Q31wtSysjjm8,inc,11288988368490,0,11288988368490,A7ksH2yHc4MXVTSbGrymepKv4qLcGA7gQHWjAF6gWSiz,6,1.0
wzmiTVGk2pkHQMA6Br6u39zVQFkCqNftjDShTx4VrKsTEDVejgEAVZkhBh6ty93p9KWZTz6GaG7rrtr1TpJ38tw,1753192884,2025-07-22T14:01:24,0.000005686,3S3wPvBnGegy9Zj9LDMaRPn2d2pxakE9YdKPm8UM3WLP,dec,593922382,2000118368,1406195986,So11111111111111111111111111111111111111111,9,1.0
5hd9iiPKD58US8SEYuQZpce2kfbSwA7Y6fkyhGiBscBBDV9ex6AKBd459QSLsybLPCsZB8msw5pQ1odWZ8DzaQuA,1753192181,2025-07-22T13:49:41,0.000020539,3S3wPvBnGegy9Zj9LDMaRPn2d2pxakE9YdKPm8UM3WLP,inc,500052082,1500066286,2000118368,So11111111111111111111111111111111111111111,9,1.0
5TPDeUJGe64CBZip9SmsnYbCv2Fa3TxBJ2h9vAxEcGonZgJ4WudZkBkegXCxAqaCpR9cjQgzWFfZJi2fvSXEA4g9,1753192121,2025-07-22T13:48:41,0.000020569,3S3wPvBnGegy9Zj9LDMaRPn2d2pxakE9YdKPm8UM3WLP,inc,1500066286,0,1500066286,So11111111111111111111111111111111111111111,9,1.0
4FPQXuPVRCM1nMRWW4ZLtjnKT4yuwSnD5WeE7GgXBNpUxFLFMpfvjcU2gQsHarDkTxY2FGh2n8XMXgqitqmAywU9,1752943940,2025-07-19T16:52:20,0.000027841,3S3wPvBnGegy9Zj9LDMaRPn2d2pxakE9YdKPm8UM3WLP,dec,14718518,14718518,0,So11111111111111111111111111111111111111111,9,1.0
3gNaqSzqJ7fCwUYZuRmAjyb934Xap15KetkEWAn8WbSD4SxLUPf2VVbu8LZrWAtDYw7utc2txuiJkF7BxVvRXeXq,1752943803,2025-07-19T16:50:03,0.000041,GDFsNMkyR6w1CtByV7gWBUDuKnc1B1T5pi3bSTaLSKGF,dec,15577716097420,15577716097420,0,5DpKCffkwPAD4nbnKSNn8RjUxXe81rganjj3kQkaQ11e,6,1.0
3hLppHNLGhddU43CKcyYhyXV9yZib4mUELhA1o47ktw4jcUDVGFVXCkJZHpJCNfMsamtm1yJ8CAoY36u8rosY8xc,1752942841,2025-07-19T16:34:01,0.000005436,GDFsNMkyR6w1CtByV7gWBUDuKnc1B1T5pi3bSTaLSKGF,inc,3150514113924,12427201983496,15577716097420,5DpKCffkwPAD4nbnKSNn8RjUxXe81rganjj3kQkaQ11e,6,1.0
3hLppHNLGhddU43CKcyYhyXV9yZib4mUELhA1o47ktw4jcUDVGFVXCkJZHpJCNfMsamtm1yJ8CAoY36u8rosY8xc,1752942841,2025-07-19T16:34:01,0.000005436,3S3wPvBnGegy9Zj9LDMaRPn2d2pxakE9YdKPm8UM3WLP,dec,378149436,392867954,14718518,So11111111111111111111111111111111111111111,9,1.0
5ntqnTfKtwWYXqCu6nVZgc49EvWTi9e5inBrwMowUEajR8RjgporcsQBEATRhNDmVoxNApRuFy2rT3DcW2LCHDVh,1752942227,2025-07-19T16:23:47,0.000005641,GDFsNMkyR6w1CtByV7gWBUDuKnc1B1T5pi3bSTaLSKGF,inc,12427201983496,0,12427201983496,5DpKCffkwPAD4nbnKSNn8RjUxXe81rganjj3kQkaQ11e,6,1.0
5ntqnTfKtwWYXqCu6nVZgc49EvWTi9e5inBrwMowUEajR8RjgporcsQBEATRhNDmVoxNApRuFy2rT3DcW2LCHDVh,1752942227,2025-07-19T16:23:47,0.000005641,3S3wPvBnGegy9Zj9LDMaRPn2d2pxakE9YdKPm8UM3WLP,dec,607321660,1000189614,392867954,So11111111111111111111111111111111111111111,9,1.0
2xuhi7pNSuDM4mRmMSxEARzBDsqJXDwN9wzNkKAY5rssisVp5VJLmHZmYcLSZHhyXBwyiXpELqLmjiNJJhiVeDpC,1752940787,2025-07-19T15:59:47,0.000022841,3S3wPvBnGegy9Zj9LDMaRPn2d2pxakE9YdKPm8UM3WLP,inc,500019630,500169984,1000189614,So11111111111111111111111111111111111111111,9,1.0
54pecAe7okrfByY4DNTwDnLeYPBm199Ty5mKgi4hW8CEvdauDc1wuQ65kM1RJT1v63i5v9ZQCAH73N8eKNn49EiZ,1752940770,2025-07-19T15:59:30,0.000022916,3S3wPvBnGegy9Zj9LDMaRPn2d2pxakE9YdKPm8UM3WLP,inc,500169984,0,500169984,So11111111111111111111111111111111111111111,9,1.0
33bq29SnP9SogHFURtUmgpFQZz4pKCLi3msVwKLVB1NsQmY2NbDKrm6YbutFUH5VTj5L5jN2YMiYYnBHAWZATQib,1752940756,2025-07-19T15:59:16,0.000027766,3S3wPvBnGegy9Zj9LDMaRPn2d2pxakE9YdKPm8UM3WLP,dec,87250320,87250320,0,So11111111111111111111111111111111111111111,9,1.0
2YVHozZ5inLGsQ6w2QuhjjRnxUwwoQR2XjJUk4yoCat23wZ8pyXurhbLJJkhaWBLNcAz7TycLKJYMhw7RSHTUfok,1752940702,2025-07-19T15:58:22,0.000005,3S3wPvBnGegy9Zj9LDMaRPn2d2pxakE9YdKPm8UM3WLP,inc,1,87250319,87250320,So11111111111111111111111111111111111111111,9,1.0
5SiaJgWeVsBR5LTaFKPCk3GTLG4aunszsgVCPEzLFkcB9iMcgPbHgLUoYQ4LRNwRXouFy6UPXgPEkh1SY2SMu3EA,1752940702,2025-07-19T15:58:22,0.000005,3S3wPvBnGegy9Zj9LDMaRPn2d2pxakE9YdKPm8UM3WLP,inc,1,87250318,87250319,So11111111111111111111111111111111111111111,9,1.0
5wYAQdiTxNohMw5RPQ5u9mRzkW3xHpL2csDgCGTx9UsJsE1QT1XNnaSS9dTfHXmD68bboBJ2Y976s7QoqFbsuHSP,1752940702,2025-07-19T15:58:22,0.000005,3S3wPvBnGegy9Zj9LDMaRPn2d2pxakE9YdKPm8UM3WLP,inc,1,87250317,87250318,So11111111111111111111111111111111111111111,9,1.0
2jAbaWYxkzeBK8yCwmQ6MGZxcEL9crEfyMdu4GRPV9uhcDxMZ8jx4riQn9ym2nZXJa1e4ycEMSk6is6HHxZ462d2,1752940632,2025-07-19T15:57:12,0.000041,Gqak5ScBN5uPQmSrRs5nZ4nA9Z2fjUreiPDzyUWDpKaY,dec,8842572363658,8842572363658,0,Bg8RyiX5GjpzJsUp5crsQ2rDortsGQahD9593qRCDQxM,6,1.0
37pYG2tZpj3kb2nwcdAMc2f5K2KPxMhVLrJJU5kjU4cHevuAZvCqrwY5amZ5LoeAzAnWPDequpRebwUGrMXKK4ig,1752940487,2025-07-19T15:54:47,0.000005,3S3wPvBnGegy9Zj9LDMaRPn2d2pxakE9YdKPm8UM3WLP,inc,1,87250316,87250317,So11111111111111111111111111111111111111111,9,1.0
5SciqrBENLazzG9TQVJJvLQ579mxLjoK5eELEnLUbTF87RoYW6S7DS9YqeKAVcWDSDZ6Az2aN2HCjhisT6kvYZ23,1752940487,2025-07-19T15:54:47,0.000005,3S3wPvBnGegy9Zj9LDMaRPn2d2pxakE9YdKPm8UM3WLP,inc,1,87250315,87250316,So11111111111111111111111111111111111111111,9,1.0
52vwtCGXmWvSsxE4Dek6kXjQoYLXKZ9vN5cXVvjZjd6StszATqpmt57dhxDnqmzycHkJiMnrkzcmdztERhYKD7NK,1752940487,2025-07-19T15:54:47,0.000005,3S3wPvBnGegy9Zj9LDMaRPn2d2pxakE9YdKPm8UM3WLP,inc,1,87250314,87250315,So11111111111111111111111111111111111111111,9,1.0
uv8dnKaFp8wvbbmqaMk24DyF2iYnEdwYLvem7dkPXEkNLdio3g1KVCtFfARAYBZHxPw2zMyuGyEnfGyCgZq96Hx,1752940487,2025-07-19T15:54:47,0.000005,3S3wPvBnGegy9Zj9LDMaRPn2d2pxakE9YdKPm8UM3WLP,inc,1,87250313,87250314,So11111111111111111111111111111111111111111,9,1.0
4hJywiC5V4Uieu91UFGioLuzKRL7EVF1wnPyuKwdNe3mLLfrS7f7hAgwyjaRfpusogtTSTX2i4vec8m491MPvKiF,1752940481,2025-07-19T15:54:41,0.000005656,Gqak5ScBN5uPQmSrRs5nZ4nA9Z2fjUreiPDzyUWDpKaY,inc,8842572363658,0,8842572363658,Bg8RyiX5GjpzJsUp5crsQ2rDortsGQahD9593qRCDQxM,6,1.0
4hJywiC5V4Uieu91UFGioLuzKRL7EVF1wnPyuKwdNe3mLLfrS7f7hAgwyjaRfpusogtTSTX2i4vec8m491MPvKiF,1752940481,2025-07-19T15:54:41,0.000005656,3S3wPvBnGegy9Zj9LDMaRPn2d2pxakE9YdKPm8UM3WLP,dec,412894457,500144770,87250313,So11111111111111111111111111111111111111111,9,1.0
5yV2izypQsXsVCwsSHNWDUNUHgNjyP8CwdJcS3DvKN2j1ttjFoiKG4VnMHS4AgLFdH4VgojAXQvJKdKyMsAbXzgy,1752939868,2025-07-19T15:44:28,0.000022691,3S3wPvBnGegy9Zj9LDMaRPn2d2pxakE9YdKPm8UM3WLP,inc,500144770,0,500144770,So11111111111111111111111111111111111111111,9,1.0
DSqVnZM86LwuLkPS68PBHcfDjRjRtaTTfh6dUGCs2hGsoeeSG5A2RpdiaRPhTuq8PBQp922G9z7xEXjcJdyG5Qf,1752316328,2025-07-12T10:32:08,0.000027841,3S3wPvBnGegy9Zj9LDMaRPn2d2pxakE9YdKPm8UM3WLP,dec,30000000,30000000,0,So11111111111111111111111111111111111111111,9,1.0
3DG7R44TVjREvTqaEbWDT8sEc8Cjxv3K4btUEfjEtzN3hv7fFC8TtqvbPuWzHXbN4aGE1Nr7uAW7La3NQXhDjf73,1750686655,2025-06-23T13:50:55,0.00041,3S3wPvBnGegy9Zj9LDMaRPn2d2pxakE9YdKPm8UM3WLP,inc,30000000,0,30000000,So11111111111111111111111111111111111111111,9,1.0
